case,baseline_makespan,baseline_added,makespan_n1,added_n1,speedup_n1,hit_n1,makespan_n2,added_n2,speedup_n2,hit_n2,makespan_n3,added_n3,speedup_n3,hit_n3,makespan_n4,added_n4,speedup_n4,hit_n4,makespan_n5,added_n5,speedup_n5,hit_n5
case_001,233110,0,233110,0,1.0,0.0,116868,1152,1.9946,0.0,78545,2304,2.9679,0.0,58984,3456,3.9521,0.0,47502,4608,4.9074,0.0
case_002,261945,0,261945,0,1.0,0.0,132548,49152,1.9762,0.0074,89399,47616,2.9301,0.0037,68578,69120,3.8197,0.0109,55399,133632,4.7283,0.0247
case_003,602212,0,602212,0,1.0,0.0,536307,3471814,1.1229,0.1217,264862,2444568,2.2737,0.3717,201215,3927966,2.9929,0.3909,197643,3984160,3.047,0.4228
case_004,392357,0,392357,0,1.0,0.0,199074,110592,1.9709,0.0,134043,221184,2.9271,0.0,104188,331776,3.7659,0.0,87898,635904,4.4638,0.0215
case_005,95618,0,95618,0,1.0,0.0,58915,477222,1.623,0.1504,50402,804492,1.8971,0.2665,41118,1236978,2.3255,0.4526,41118,1236978,2.3255,0.4526
case_006,82837,16400,82837,16400,1.0,0.0293,39976,501324,2.0722,0.3505,31153,0,2.659,0.0,28056,707624,2.9526,0.4455,24403,868170,3.3945,0.4285
case_007,1012562,0,1012562,0,1.0,0.0,507494,27648,1.9952,0.0,338094,55296,2.9949,0.0,254398,82944,3.9802,0.0,203834,110592,4.9676,0.0
case_008,487605,0,487605,0,1.0,0.0,182275,5345280,2.6751,0.0,163359,0,2.9849,0.0,123060,0,3.9623,0.0,100603,0,4.8468,0.0
case_009,153261,0,153261,0,1.0,0.0,92198,0,1.6623,0.0,69745,574108,2.1974,0.3312,63026,747930,2.4317,0.423,49212,929592,3.1143,0.3696
case_010,86969,0,86969,0,1.0,0.0,44202,27648,1.9675,0.0672,30440,27648,2.8571,0.0224,28432,616280,3.0588,0.2919,24202,415588,3.5935,0.1714
case_011,184697,0,184697,0,1.0,0.0,92646,180224,1.9936,0.0,65543,1200128,2.818,0.3947,46880,540672,3.9398,0.0,40551,1650688,4.5547,0.3528
case_012,59088,0,59088,0,1.0,0.0,29409,0,2.0092,0.0,20579,258886,2.8713,0.3105,16805,156658,3.5161,0.2101,13832,0,4.2718,0.0
case_013,263949,0,263949,0,1.0,0.0,132198,8192,1.9966,0.0,88351,16384,2.9875,0.0,66982,24576,3.9406,0.0,54363,32768,4.8553,0.0
case_014,17698626,71010720,17689602,71010720,1.0,0.1229,8896369,76033440,1.9894,0.1896,5881266,80019536,3.0093,0.3385,4453421,87805200,3.9742,0.3766,3632901,60562848,4.8718,0.1852
case_015,177362,180256,177362,180256,1.0,0.1693,86629,109824,2.0474,0.1105,60649,965264,2.9244,0.4864,48141,661084,3.6842,0.3641,42014,317952,4.2215,0.2099
case_016,7715523,0,7715523,0,1.0,0.0,7715523,0,1.0,0.0,7715523,0,1.0,0.0,6103967,35524768,1.264,0.0302,6103967,35524768,1.264,0.0302
case_017,162810,22528,162810,22528,1.0,0.0404,82066,81792,1.9839,0.1326,56480,163584,2.8826,0.2341,42923,245376,3.7931,0.3144,35157,327168,4.6309,0.2369
case_018,1004367,1970176,1003110,1970176,1.0,0.3438,502856,3347456,1.9973,0.5698,337587,3903872,2.9751,0.591,252790,5118976,3.9731,0.593,204343,3661824,4.9151,0.4514
case_019,81144,0,81144,0,1.0,0.0,40287,510500,2.0141,0.1249,28114,221216,2.8862,0.1474,23575,123400,3.442,0.0971,20181,403780,4.0208,0.1582
case_020,532746,0,532746,0,1.0,0.0,266580,0,1.9984,0.0,177950,0,2.9938,0.0,133704,0,3.9845,0.0,107574,0,4.9524,0.0
case_021,6567937,4501504,6558837,4501504,1.0,0.5006,3193634,3174400,2.0566,0.2178,2103364,7186432,3.1226,0.4887,1550324,4608000,4.2365,0.0,1249380,11431936,5.257,0.57
case_022,56780,0,56780,0,1.0,0.0,28498,0,1.9924,0.0,19192,112516,2.9585,0.3448,14940,0,3.8005,0.0,12527,0,4.5326,0.0
case_023,122614,0,122614,0,1.0,0.0,59760,741562,2.0518,0.1661,41575,147456,2.9492,0.2535,30864,147456,3.9727,0.2535,24927,221184,4.9189,0.225
case_024,2555343,0,2555343,0,1.0,0.0,2555343,0,1.0,0.0,2159126,22415452,1.1835,0.0279,2003351,29037088,1.2755,0.0638,1577373,30282428,1.62,0.0864
case_025,4863026,0,4863026,0,1.0,0.0,2431840,27648,1.9997,0.0,1622164,55296,2.9979,0.0,1217444,82944,3.9945,0.0,975282,110592,4.9863,0.0
case_026,99203,0,99203,0,1.0,0.0,55887,243124,1.7751,0.2641,41670,0,2.3807,0.0,41670,0,2.3807,0.0,41670,0,2.3807,0.0
case_027,2363952,1400832,2359515,1400832,1.0,0.2689,1120962,1744896,2.1089,0.089,763896,6107136,3.0946,0.3164,559196,2211840,4.2274,0.0,487450,12023808,4.8496,0.2965
case_028,43836040,277412256,43836040,277412256,1.0,0.0,21471382,60749376,2.0416,0.5253,16222230,276875448,2.7022,0.0927,12458506,276895752,3.5186,0.1651,9476283,94516224,4.6259,0.4193
case_029,37555,0,37555,0,1.0,0.0,19737,16400,1.9028,0.0451,12743,0,2.9471,0.0,10970,490010,3.4234,0.6383,9342,112734,4.02,0.1941
case_030,2808034,5519360,2807891,5519360,1.0,0.2599,1399744,7834624,2.0061,0.4435,931340,9363456,3.015,0.5443,699009,8838144,4.0172,0.6505,560550,11588608,5.0094,0.5942
case_031,1414369,3491328,1414159,3491328,1.0,0.2606,710284,4032000,1.9913,0.3395,478086,4969984,2.9584,0.3051,360132,5298688,3.9274,0.3154,293738,4816896,4.8151,0.3212
case_032,41443,0,41443,0,1.0,0.0,21219,127132,1.9531,0.2912,13860,205008,2.9901,0.4233,11276,0,3.6753,0.0,10350,0,4.0042,0.0
case_033,1774196,4592640,1774080,4592640,1.0,0.0963,893649,6224928,1.9853,0.3115,588351,7086144,3.0155,0.3501,445198,7344224,3.9852,0.3693,356085,8111232,4.9825,0.3683
case_034,842996,1079832,842733,1079832,1.0,0.309,412214,1238528,2.045,0.3503,272476,2328576,3.0938,0.5033,208260,3019264,4.0478,0.5568,164813,3508224,5.1149,0.5756
case_035,169571,0,169571,0,1.0,0.0,95406,0,1.7774,0.0,80774,762436,2.0993,0.425,77573,1128234,2.186,0.5541,68075,1160968,2.4909,0.5488
case_036,931510,0,931510,0,1.0,0.0,466068,1152,1.9987,0.0,311345,2304,2.9919,0.0,233584,3456,3.9879,0.0,187182,4608,4.9765,0.0
case_037,210001,0,210001,0,1.0,0.0,105374,204800,1.9929,0.0,72874,1003520,2.8817,0.5256,53320,614400,3.9385,0.0,43013,1310720,4.8823,0.0
case_038,1364555,5627904,1363312,5627904,1.0,0.1736,678831,5607936,2.0102,0.191,456400,7012352,2.9898,0.289,339825,7758336,4.0155,0.2604,271662,9409536,5.023,0.3938
case_039,1435262,7929856,1435262,7929856,1.0,0.0,705615,11067392,2.0341,0.3702,481303,10113024,2.982,0.2009,351769,17899520,4.0801,0.4651,302347,11489280,4.7471,0.2292
case_040,253454,0,253454,0,1.0,0.0,128421,0,1.9736,0.0,110105,0,2.3019,0.0,110105,0,2.3019,0.0,110105,0,2.3019,0.0
case_041,6003957,30898176,6001575,30898176,1.0,0.1016,2981380,33595392,2.0138,0.1996,1990580,35017728,3.0162,0.2666,1493320,38879232,4.0205,0.3305,1191841,40452096,5.0375,0.3263
case_042,1686740,6629376,1675633,6629376,1.0,0.3187,840543,7265568,2.0067,0.356,569525,7746560,2.9617,0.3391,428924,8925184,3.9325,0.357,342039,9689088,4.9314,0.3852
case_043,677656,49160,677656,49160,1.0,0.0332,355614,556040,1.9056,0.2798,290216,3085000,2.335,0.4676,212524,4132756,3.1886,0.5154,191454,5300576,3.5395,0.5978
case_044,154407,4438112,107814,4438112,1.0,0.82,52745,1123424,2.9274,0.4305,50526,752832,3.056,0.3763,49970,3369504,3.09,0.7547,49970,3369504,3.09,0.7547
case_045,125614,0,125614,0,1.0,0.0,63059,0,1.992,0.0,42601,0,2.9486,0.0,31878,0,3.9405,0.0,26088,0,4.815,0.0
case_046,276455,3176288,244994,3176288,1.0,0.753,117249,1652576,2.3578,0.189,102704,2064576,2.6918,0.3826,80892,2482208,3.4176,0.6265,80892,2482208,3.4176,0.6265
case_047,326508,0,326508,0,1.0,0.0,253290,2101382,1.2891,0.0695,136132,1235596,2.3985,0.1994,117890,1951698,2.7696,0.508,108778,2616600,3.0016,0.469
case_048,222220,0,222220,0,1.0,0.0,180700,331332,1.2298,0.001,173034,576140,1.2843,0.1221,162710,1656050,1.3657,0.2594,159864,1584312,1.3901,0.247
case_049,196276,0,196276,0,1.0,0.0,160206,0,1.2251,0.0,113033,2627600,1.7364,0.1589,69546,751934,2.8222,0.4246,58875,885412,3.3338,0.5035
case_050,149690,0,149690,0,1.0,0.0,111066,1921706,1.3478,0.1444,58236,481660,2.5704,0.3513,47506,571290,3.151,0.3863,46330,783072,3.231,0.4648
case_051,607628,0,607628,0,1.0,0.0,607628,0,1.0,0.0,483306,10748968,1.2572,0.1064,416706,6423116,1.4582,0.2097,377581,9176852,1.6093,0.2613
case_052,180301,0,180301,0,1.0,0.0,89132,73728,2.0229,0.0469,59677,147456,3.0213,0.0578,48113,221184,3.7474,0.1877,37926,73728,4.754,0.0469
case_053,1472686,5405536,1428109,5405536,1.0,0.6249,741373,5044902,1.9864,0.3892,574404,9198812,2.5639,0.4181,550216,9488160,2.6766,0.5085,428421,14498928,3.4375,0.5155
case_054,815051,0,815051,0,1.0,0.0,508633,464518,1.6024,0.0489,342219,1613448,2.3817,0.1835,247327,2573394,3.2954,0.2526,247327,2573394,3.2954,0.2526
case_055,118835,69632,118835,69632,1.0,0.1001,58624,49152,2.0271,0.0728,37237,115712,3.1913,0.1561,31146,480380,3.8154,0.3357,26800,198656,4.4341,0.1739
case_056,277285,0,277285,0,1.0,0.0,147919,496950,1.8746,0.1707,104067,767084,2.6645,0.3562,101238,1107930,2.7389,0.4186,80656,1459800,3.4379,0.5297
case_057,59726,94216,59726,94216,1.0,0.2187,30053,269820,1.9874,0.4058,21820,397250,2.7372,0.5164,18131,598712,3.2941,0.5877,16024,606286,3.7273,0.5687
case_058,4539717,28696576,4539717,28696576,1.0,0.0,2262108,33492992,2.0069,0.1146,1496185,31211520,3.0342,0.4265,1142629,42622976,3.973,0.269,947187,31719424,4.7928,0.0235
case_059,829473,1691648,815938,1691648,1.0,0.61,369318,360448,2.246,0.0,254656,3397632,3.2572,0.6128,185216,1081344,4.4784,0.0,150736,3063808,5.5028,0.7021
case_060,888789,2068520,887801,2068520,1.0,0.4231,451802,2724108,1.9672,0.4039,298831,3164416,2.9742,0.4687,229535,3510784,3.8721,0.4721,179018,4039168,4.9648,0.4702
case_061,77191,0,77191,0,1.0,0.0,38873,25344,1.9857,0.0445,29641,179618,2.6042,0.2077,22111,50688,3.4911,0.0852,21433,297490,3.6015,0.2912
case_062,2854809,0,2854809,0,1.0,0.0,1428976,53760,1.9978,0.0003,954215,41472,2.9918,0.0003,716754,89088,3.983,0.0007,574337,86016,4.9706,0.0007
case_063,1070397,0,1070397,0,1.0,0.0,536744,49152,1.9942,0.0018,358851,98304,2.9828,0.0,270081,64512,3.9632,0.0018,217131,87552,4.9297,0.0027
case_064,19116,0,19116,0,1.0,0.0,15574,61542,1.2274,0.1759,11843,99404,1.6141,0.3486,11498,122098,1.6626,0.3819,11498,122098,1.6626,0.3819
case_065,53068,0,53068,0,1.0,0.0,26219,13824,2.024,0.0441,17966,27648,2.9538,0.0845,13745,41472,3.8609,0.0945,11421,55296,4.6465,0.0779
case_066,359070,0,359070,0,1.0,0.0,228228,948972,1.5733,0.1953,161806,1503960,2.2191,0.2932,141811,2060756,2.532,0.3725,107074,2476400,3.3535,0.3685
case_067,63834834,264449408,63834834,264449408,1.0,0.0,33251136,263165824,1.9198,0.0499,23514725,262061312,2.7147,0.1863,18293984,262200960,3.4894,0.0115,15499584,262411520,4.1185,0.0396
case_068,362095,0,362095,0,1.0,0.0,223454,1704126,1.6204,0.1955,160860,1963948,2.251,0.1618,125949,3208234,2.8749,0.2321,113021,3538800,3.2038,0.2358
case_069,25144,0,25144,0,1.0,0.0,17295,371046,1.4538,0.1347,12696,211592,1.9805,0.2945,12071,281678,2.083,0.2858,9903,351476,2.539,0.4857
case_070,117300,0,117300,0,1.0,0.0,58182,88064,2.0161,0.1734,41458,176128,2.8294,0.2131,32284,264192,3.6334,0.1048,27404,824942,4.2804,0.4108
case_071,18919,0,18919,0,1.0,0.0,14497,251814,1.305,0.0837,11865,210186,1.5945,0.2239,10299,275664,1.837,0.425,8425,239056,2.2456,0.1763
case_072,23897828,108613680,23890756,108613680,1.0,0.0262,11841570,113201200,2.0181,0.1342,7989837,119709046,2.991,0.1442,5928167,125858856,4.0312,0.1831,4776264,130011184,5.0035,0.3252
case_073,10081626,141570432,10081626,141570432,1.0,0.0,5503139,106758016,1.832,0.3372,4489150,138046592,2.2458,0.0522,3712368,115612288,2.7157,0.191,3137685,119620096,3.2131,0.2676
case_074,1682239,6070280,1678120,6070280,1.0,0.1668,824879,6590472,2.0394,0.2928,544114,7585792,3.0917,0.3068,405309,7819264,4.1505,0.2971,333065,8515586,5.0508,0.3525
case_075,1441809,0,1441809,0,1.0,0.0,773181,1889414,1.8648,0.213,712416,3590924,2.0238,0.3457,440404,5734290,3.2738,0.3591,414230,6600472,3.4807,0.4134
case_076,6185113,28280832,6183098,28280832,1.0,0.1336,3065275,31201280,2.0178,0.2757,2049651,34470912,3.0176,0.3567,1529902,32051200,4.0428,0.3454,1230166,34179072,5.0279,0.3875
case_077,495320,0,495320,0,1.0,0.0,250735,57344,1.9755,0.0261,175206,932152,2.8271,0.1784,131477,147094,3.7674,0.0001,114398,1592816,4.3298,0.2117
case_078,2296143,12644568,2296143,12644568,1.0,0.0,1080672,7041984,2.1247,0.6278,900985,6471168,2.5485,0.5177,530168,10597248,4.331,0.5545,457569,11371008,5.0181,0.3571
case_079,31052251,32448512,31052251,32448512,1.0,0.0,15159240,32612352,2.0484,0.0,10072944,32722944,3.0827,0.0,7635624,30445568,4.0668,0.0,6075472,47677440,5.1111,0.2442
case_080,292138,548864,291826,548864,1.0,0.1686,145674,2191360,2.0054,0.436,100325,3047424,2.9119,0.0,79600,2658304,3.6701,0.4329,70042,3538944,4.1709,0.4301
case_081,151795,0,151795,0,1.0,0.0,76860,0,1.975,0.0,51943,0,2.9223,0.0,39588,0,3.8344,0.0,30943,0,4.9056,0.0
case_082,721041,0,721041,0,1.0,0.0,560533,768902,1.2863,0.1624,258347,1428236,2.791,0.3476,247025,2191506,2.9189,0.4928,219803,2932248,3.2804,0.5555
case_083,1057993,13934688,946145,13934688,1.0,0.7959,454170,4301664,2.3295,0.2189,374093,5960896,2.8282,0.2335,270819,7579936,3.9066,0.4332,270819,7579936,3.9066,0.4332
case_084,2507412,0,2507412,0,1.0,0.0,1255052,0,1.9979,0.0,836220,0,2.9985,0.0,629028,0,3.9862,0.0,503472,0,4.9802,0.0
case_085,3187899,0,3187899,0,1.0,0.0,2700471,11828654,1.1805,0.0776,1272443,5532684,2.5053,0.3023,885125,8299154,3.6016,0.4872,845383,9815448,3.771,0.5966
case_086,118403,0,118403,0,1.0,0.0,77857,537894,1.5208,0.1951,56337,919116,2.1017,0.2795,44516,1363698,2.6598,0.3355,44516,1363698,2.6598,0.3355
case_087,3974071,7902720,3969779,7902720,1.0,0.1834,1991129,8248320,1.9959,0.19,1456602,6727680,2.7283,0.2332,1135476,21730796,3.4999,0.4708,894365,6981120,4.4435,0.2422
case_088,243623,0,243623,0,1.0,0.0,156747,1049798,1.5542,0.1881,109847,1542540,2.2178,0.1865,92371,2268882,2.6374,0.2279,77530,2451224,3.1423,0.2017
case_089,693092,0,693092,0,1.0,0.0,338613,1484000,2.0469,0.1711,243614,477440,2.845,0.0,178160,716160,3.8903,0.0,147432,954880,4.7011,0.0
case_090,1178363,21233592,1178363,21233592,1.0,0.0,478720,4456944,2.4615,0.3132,403940,6236928,2.9172,0.5331,355731,3400248,3.3125,0.3196,282019,12424320,4.1783,0.5779
case_091,9186769,53947008,9168820,53947008,1.0,0.1054,4563996,52114560,2.0129,0.3386,3069257,60897408,2.9932,0.4353,2317037,69020832,3.9649,0.2879,1884651,73166848,4.8745,0.3128
case_092,4815554,66000096,4333631,66000096,1.0,0.7935,1963003,16696160,2.4532,0.0685,1599314,66260896,3.011,0.7708,1252029,22374688,3.8462,0.1127,1119024,67088000,4.3034,0.778
case_093,74205,0,74205,0,1.0,0.0,37827,8192,1.9617,0.0,25103,16384,2.956,0.0,19779,24576,3.7517,0.0,15876,32768,4.674,0.0
case_094,94892,0,94892,0,1.0,0.0,46040,106272,2.0611,0.0324,33239,212544,2.8548,0.2165,23880,318528,3.9737,0.2108,20601,425088,4.6062,0.2275
case_095,2084853,0,2084853,0,1.0,0.0,1042890,0,1.9991,0.0,673706,16330752,3.0946,0.0,524422,0,3.9755,0.0,420852,0,4.9539,0.0
case_096,84194,0,84194,0,1.0,0.0,41013,124748,2.0529,0.3723,33260,125704,2.5314,0.3204,26984,0,3.1201,0.0,24477,965588,3.4397,0.5114
case_097,11491509,10584064,11491509,10584064,1.0,0.0,5477830,14655488,2.0978,0.0496,3563647,18454528,3.2246,0.3002,2626908,14221312,4.3745,0.0417,2102250,21311488,5.4663,0.2452
case_098,177430,0,177430,0,1.0,0.0,89756,0,1.9768,0.0,74663,1669354,2.3764,0.4474,72654,1732810,2.4421,0.4562,63130,1835272,2.8105,0.4893
case_099,1622999,5484544,1618902,5484544,1.0,0.2524,805721,7315456,2.0143,0.4537,540032,6590464,3.0054,0.3633,404548,9818112,4.0119,0.5833,327016,10776576,4.9631,0.5496
case_100,151223,0,151223,0,1.0,0.0,85674,306188,1.7651,0.4076,57948,0,2.6096,0.0,57948,0,2.6096,0.0,57948,0,2.6096,0.0
