problem,num_cores,case,mk_over_lb,cdf
1,2,case_079,1.0008,0.01
1,2,case_020,1.001,0.02
1,2,case_036,1.001,0.03
1,2,case_097,1.001,0.04
1,2,case_059,1.0011,0.05
1,2,case_021,1.0021,0.06
1,2,case_013,1.0026,0.07
1,2,case_001,1.004,0.08
1,2,case_027,1.0044,0.09
1,2,case_011,1.0046,0.1
1,2,case_045,1.0051,0.11
1,2,case_039,1.0054,0.12
1,2,case_037,1.0055,0.13
1,2,case_030,1.0057,0.14
1,2,case_080,1.0097,0.15
1,2,case_076,1.0121,0.16
1,2,case_081,1.0131,0.17
1,2,case_041,1.0132,0.18
1,2,case_099,1.0156,0.19
1,2,case_072,1.0182,0.2
1,2,case_091,1.0226,0.21
1,2,case_093,1.0228,0.22
1,2,case_038,1.0251,0.23
1,2,case_014,1.0262,0.24
1,2,case_004,1.0325,0.25
1,2,case_025,1.0342,0.26
1,2,case_033,1.0345,0.27
1,2,case_018,1.0365,0.28
1,2,case_007,1.0367,0.29
1,2,case_058,1.0399,0.3
1,2,case_074,1.0471,0.31
1,2,case_029,1.0532,0.32
1,2,case_042,1.0539,0.33
1,2,case_022,1.0603,0.34
1,2,case_078,1.0609,0.35
1,2,case_031,1.0667,0.36
1,2,case_028,1.0678,0.37
1,2,case_061,1.088,0.38
1,2,case_062,1.0923,0.39
1,2,case_063,1.0959,0.4
1,2,case_087,1.1094,0.41
1,2,case_002,1.1143,0.42
1,2,case_034,1.1179,0.43
1,2,case_067,1.145,0.44
1,2,case_089,1.1775,0.45
1,2,case_092,1.1847,0.46
1,2,case_077,1.2072,0.47
1,2,case_060,1.2552,0.48
1,2,case_053,1.262,0.49
1,2,case_070,1.2734,0.5
1,2,case_006,1.2894,0.51
1,2,case_052,1.2915,0.52
1,2,case_056,1.3072,0.53
1,2,case_032,1.326,0.54
1,2,case_094,1.3378,0.55
1,2,case_098,1.3678,0.56
1,2,case_057,1.4134,0.57
1,2,case_046,1.4527,0.58
1,2,case_073,1.4593,0.59
1,2,case_017,1.4884,0.6
1,2,case_083,1.5414,0.61
1,2,case_075,1.5839,0.62
1,2,case_010,1.593,0.63
1,2,case_090,1.5943,0.64
1,2,case_035,1.5984,0.65
1,2,case_043,1.6065,0.66
1,2,case_026,1.6525,0.67
1,2,case_096,1.6652,0.68
1,2,case_012,1.6778,0.69
1,2,case_055,1.698,0.7
1,2,case_019,1.7143,0.71
1,2,case_015,1.7427,0.72
1,2,case_023,1.7467,0.73
1,2,case_066,1.768,0.74
1,2,case_065,1.7765,0.75
1,2,case_050,1.8225,0.76
1,2,case_095,1.9493,0.77
1,2,case_008,1.9531,0.78
1,2,case_084,1.9818,0.79
1,2,case_016,2.0001,0.8
1,2,case_024,2.0004,0.81
1,2,case_051,2.0018,0.82
1,2,case_100,2.0104,0.83
1,2,case_005,2.0398,0.84
1,2,case_088,2.0474,0.85
1,2,case_068,2.1298,0.86
1,2,case_054,2.1569,0.87
1,2,case_009,2.1985,0.88
1,2,case_040,2.2124,0.89
1,2,case_049,2.2304,0.9
1,2,case_047,2.2966,0.91
1,2,case_085,2.3766,0.92
1,2,case_064,2.4284,0.93
1,2,case_082,2.5197,0.94
1,2,case_044,2.5913,0.95
1,2,case_003,2.5997,0.96
1,2,case_086,2.6067,0.97
1,2,case_048,2.7981,0.98
1,2,case_069,3.016,0.99
1,2,case_071,3.0188,1.0
1,3,case_079,1.001,0.01
1,3,case_020,1.0023,0.02
1,3,case_036,1.003,0.03
1,3,case_013,1.0051,0.04
1,3,case_030,1.0063,0.05
1,3,case_076,1.0116,0.06
1,3,case_001,1.0122,0.07
1,3,case_041,1.0148,0.08
1,3,case_093,1.0181,0.09
1,3,case_045,1.0185,0.1
1,3,case_099,1.0193,0.11
1,3,case_029,1.0198,0.12
1,3,case_021,1.0223,0.13
1,3,case_033,1.0235,0.14
1,3,case_081,1.027,0.15
1,3,case_091,1.0284,0.16
1,3,case_025,1.0348,0.17
1,3,case_074,1.0349,0.18
1,3,case_072,1.0355,0.19
1,3,case_007,1.036,0.2
1,3,case_038,1.0399,0.21
1,3,case_080,1.0413,0.22
1,3,case_014,1.0415,0.23
1,3,case_097,1.0415,0.24
1,3,case_004,1.0428,0.25
1,3,case_018,1.0453,0.26
1,3,case_058,1.046,0.27
1,3,case_039,1.0557,0.28
1,3,case_037,1.0597,0.29
1,3,case_027,1.0675,0.3
1,3,case_031,1.0682,0.31
1,3,case_042,1.08,0.32
1,3,case_059,1.0825,0.33
1,3,case_062,1.0945,0.34
1,3,case_022,1.0982,0.35
1,3,case_063,1.1006,0.36
1,3,case_011,1.1131,0.37
1,3,case_034,1.1155,0.38
1,3,case_002,1.1322,0.39
1,3,case_028,1.1386,0.4
1,3,case_067,1.1992,0.41
1,3,case_087,1.2182,0.42
1,3,case_089,1.2406,0.43
1,3,case_060,1.2454,0.44
1,3,case_052,1.2916,0.45
1,3,case_077,1.312,0.46
1,3,case_070,1.3544,0.47
1,3,case_061,1.373,0.48
1,3,case_078,1.3888,0.49
1,3,case_082,1.4169,0.5
1,3,case_094,1.4407,0.51
1,3,case_098,1.5275,0.52
1,3,case_017,1.5487,0.53
1,3,case_006,1.5666,0.54
1,3,case_050,1.6155,0.55
1,3,case_057,1.6491,0.56
1,3,case_055,1.655,0.57
1,3,case_073,1.6599,0.58
1,3,case_053,1.6809,0.59
1,3,case_043,1.7493,0.6
1,3,case_032,1.763,0.61
1,3,case_092,1.7771,0.62
1,3,case_023,1.7931,0.63
1,3,case_015,1.808,0.64
1,3,case_056,1.8143,0.65
1,3,case_065,1.8259,0.66
1,3,case_012,1.8271,0.67
1,3,case_047,1.8543,0.68
1,3,case_095,1.8602,0.69
1,3,case_066,1.8789,0.7
1,3,case_083,1.8966,0.71
1,3,case_054,1.9038,0.72
1,3,case_085,1.9099,0.73
1,3,case_003,1.9146,0.74
1,3,case_019,1.9168,0.75
1,3,case_008,1.9593,0.76
1,3,case_084,1.9807,0.77
1,3,case_088,1.9964,0.78
1,3,case_046,2.0384,0.79
1,3,case_075,2.0584,0.8
1,3,case_010,2.0685,0.81
1,3,case_068,2.0736,0.82
1,3,case_090,2.1038,0.83
1,3,case_035,2.2244,0.84
1,3,case_009,2.2619,0.85
1,3,case_040,2.3136,0.86
1,3,case_086,2.3585,0.87
1,3,case_026,2.4553,0.88
1,3,case_049,2.4582,0.89
1,3,case_096,2.4635,0.9
1,3,case_100,2.5433,0.91
1,3,case_005,2.6233,0.92
1,3,case_051,2.7171,0.93
1,3,case_048,2.7471,0.94
1,3,case_024,2.9044,0.95
1,3,case_016,3.0002,0.96
1,3,case_064,3.3718,0.97
1,3,case_044,3.8869,0.98
1,3,case_069,4.109,0.99
1,3,case_071,4.2901,1.0
1,4,case_021,1.0015,0.01
1,4,case_097,1.0031,0.02
1,4,case_027,1.0034,0.03
1,4,case_036,1.0034,0.04
1,4,case_020,1.0041,0.05
1,4,case_059,1.0042,0.06
1,4,case_030,1.0103,0.07
1,4,case_076,1.0118,0.08
1,4,case_001,1.0135,0.09
1,4,case_041,1.0157,0.1
1,4,case_013,1.016,0.11
1,4,case_045,1.0162,0.12
1,4,case_011,1.0167,0.13
1,4,case_037,1.0176,0.14
1,4,case_099,1.0225,0.15
1,4,case_038,1.0339,0.16
1,4,case_091,1.0341,0.17
1,4,case_033,1.0342,0.18
1,4,case_074,1.0352,0.19
1,4,case_025,1.0355,0.2
1,4,case_072,1.0355,0.21
1,4,case_079,1.038,0.22
1,4,case_007,1.0394,0.23
1,4,case_081,1.0437,0.24
1,4,case_018,1.0492,0.25
1,4,case_014,1.055,0.26
1,4,case_058,1.0594,0.27
1,4,case_093,1.0696,0.28
1,4,case_004,1.0807,0.29
1,4,case_031,1.0851,0.3
1,4,case_042,1.0871,0.31
1,4,case_062,1.0974,0.32
1,4,case_039,1.1027,0.33
1,4,case_022,1.1049,0.34
1,4,case_063,1.1051,0.35
1,4,case_002,1.1613,0.36
1,4,case_034,1.1643,0.37
1,4,case_029,1.1768,0.38
1,4,case_089,1.2097,0.39
1,4,case_028,1.2358,0.4
1,4,case_067,1.2415,0.41
1,4,case_080,1.2642,0.42
1,4,case_087,1.2832,0.43
1,4,case_060,1.2937,0.44
1,4,case_078,1.3562,0.45
1,4,case_052,1.3598,0.46
1,4,case_094,1.4017,0.47
1,4,case_070,1.41,0.48
1,4,case_085,1.4786,0.49
1,4,case_077,1.5601,0.5
1,4,case_061,1.5702,0.51
1,4,case_017,1.6,0.52
1,4,case_075,1.7466,0.53
1,4,case_082,1.7598,0.54
1,4,case_023,1.7749,0.55
1,4,case_050,1.829,0.56
1,4,case_054,1.8425,0.57
1,4,case_055,1.8435,0.58
1,4,case_057,1.8522,0.59
1,4,case_065,1.8626,0.6
1,4,case_043,1.8759,0.61
1,4,case_056,1.8857,0.62
1,4,case_049,1.9023,0.63
1,4,case_073,1.9135,0.64
1,4,case_095,1.9399,0.65
1,4,case_008,1.968,0.66
1,4,case_019,1.9698,0.67
1,4,case_006,1.9864,0.68
1,4,case_084,1.9866,0.69
1,4,case_012,2.03,0.7
1,4,case_098,2.0367,0.71
1,4,case_003,2.0544,0.72
1,4,case_092,2.0734,0.73
1,4,case_032,2.0868,0.74
1,4,case_015,2.0899,0.75
1,4,case_083,2.2201,0.76
1,4,case_047,2.23,0.77
1,4,case_053,2.2412,0.78
1,4,case_100,2.2777,0.79
1,4,case_066,2.3692,0.8
1,4,case_040,2.3731,0.81
1,4,case_046,2.3821,0.82
1,4,case_010,2.5703,0.83
1,4,case_026,2.6185,0.84
1,4,case_090,2.6207,0.85
1,4,case_088,2.6619,0.86
1,4,case_048,2.6837,0.87
1,4,case_068,2.7461,0.88
1,4,case_086,2.8699,0.89
1,4,case_035,2.9659,0.9
1,4,case_009,2.9734,0.91
1,4,case_096,3.0786,0.92
1,4,case_005,3.2089,0.93
1,4,case_051,3.5146,0.94
1,4,case_016,3.5876,0.95
1,4,case_024,3.6947,0.96
1,4,case_071,4.3121,0.97
1,4,case_069,4.4915,0.98
1,4,case_064,4.4957,0.99
1,4,case_044,5.1826,1.0
1,5,case_036,1.0051,0.01
1,5,case_021,1.009,0.02
1,5,case_020,1.0099,0.03
1,5,case_030,1.011,0.04
1,5,case_041,1.0113,0.05
1,5,case_076,1.0175,0.06
1,5,case_081,1.0197,0.07
1,5,case_001,1.0202,0.08
1,5,case_097,1.0202,0.09
1,5,case_059,1.0218,0.1
1,5,case_037,1.0261,0.11
1,5,case_013,1.0307,0.12
1,5,case_079,1.0325,0.13
1,5,case_033,1.0335,0.14
1,5,case_025,1.0369,0.15
1,5,case_045,1.0396,0.16
1,5,case_038,1.0399,0.17
1,5,case_007,1.041,0.18
1,5,case_072,1.0516,0.19
1,5,case_018,1.053,0.2
1,5,case_091,1.0567,0.21
1,5,case_099,1.0573,0.22
1,5,case_093,1.0732,0.23
1,5,case_074,1.0797,0.24
1,5,case_014,1.0806,0.25
1,5,case_058,1.0875,0.26
1,5,case_042,1.0986,0.27
1,5,case_062,1.0996,0.28
1,5,case_031,1.1014,0.29
1,5,case_063,1.1158,0.3
1,5,case_004,1.1455,0.31
1,5,case_027,1.1669,0.32
1,5,case_039,1.184,0.33
1,5,case_002,1.1869,0.34
1,5,case_034,1.2041,0.35
1,5,case_060,1.2428,0.36
1,5,case_089,1.2513,0.37
1,5,case_029,1.2516,0.38
1,5,case_011,1.268,0.39
1,5,case_028,1.3079,0.4
1,5,case_067,1.3222,0.41
1,5,case_052,1.3399,0.42
1,5,case_087,1.3436,0.43
1,5,case_022,1.3811,0.44
1,5,case_080,1.4882,0.45
1,5,case_094,1.5144,0.46
1,5,case_017,1.5894,0.47
1,5,case_078,1.6032,0.48
1,5,case_077,1.6263,0.49
1,5,case_070,1.6686,0.5
1,5,case_061,1.6701,0.51
1,5,case_032,1.7508,0.52
1,5,case_085,1.7737,0.53
1,5,case_023,1.7918,0.54
1,5,case_019,1.9304,0.55
1,5,case_065,1.9346,0.56
1,5,case_055,1.9407,0.57
1,5,case_057,1.9548,0.58
1,5,case_056,1.9655,0.59
1,5,case_095,1.9666,0.6
1,5,case_012,1.9724,0.61
1,5,case_084,1.9876,0.62
1,5,case_082,2.0012,0.63
1,5,case_008,2.011,0.64
1,5,case_043,2.0145,0.65
1,5,case_053,2.0426,0.66
1,5,case_049,2.0994,0.67
1,5,case_075,2.1104,0.68
1,5,case_006,2.1236,0.69
1,5,case_073,2.1552,0.7
1,5,case_050,2.1667,0.71
1,5,case_092,2.2206,0.72
1,5,case_066,2.255,0.73
1,5,case_054,2.3031,0.74
1,5,case_090,2.31,0.75
1,5,case_098,2.333,0.76
1,5,case_010,2.52,0.77
1,5,case_003,2.5623,0.78
1,5,case_047,2.6011,0.79
1,5,case_015,2.6123,0.8
1,5,case_048,2.6837,0.81
1,5,case_083,2.6888,0.82
1,5,case_009,2.8437,0.83
1,5,case_100,2.8471,0.84
1,5,case_088,2.9182,0.85
1,5,case_040,2.9664,0.86
1,5,case_046,2.9776,0.87
1,5,case_068,3.0337,0.88
1,5,case_035,3.2028,0.89
1,5,case_026,3.2433,0.9
1,5,case_086,3.5874,0.91
1,5,case_096,3.7545,0.92
1,5,case_005,4.0111,0.93
1,5,case_024,4.0186,0.94
1,5,case_051,4.0606,0.95
1,5,case_016,4.4845,0.96
1,5,case_064,5.0156,0.97
1,5,case_071,5.3901,0.98
1,5,case_069,5.6144,0.99
1,5,case_044,5.9296,1.0
2,2,case_020,1.001,0.01
2,2,case_027,1.001,0.02
2,2,case_036,1.001,0.03
2,2,case_059,1.0011,0.04
2,2,case_089,1.002,0.05
2,2,case_013,1.0026,0.06
2,2,case_078,1.0032,0.07
2,2,case_001,1.004,0.08
2,2,case_011,1.0046,0.09
2,2,case_045,1.0051,0.1
2,2,case_037,1.0055,0.11
2,2,case_030,1.0085,0.12
2,2,case_080,1.0097,0.13
2,2,case_046,1.0105,0.14
2,2,case_076,1.0122,0.15
2,2,case_081,1.0131,0.16
2,2,case_041,1.0132,0.17
2,2,case_052,1.0143,0.18
2,2,case_002,1.0147,0.19
2,2,case_099,1.0156,0.2
2,2,case_022,1.0162,0.21
2,2,case_091,1.0181,0.22
2,2,case_093,1.0228,0.23
2,2,case_038,1.0251,0.24
2,2,case_090,1.0269,0.25
2,2,case_028,1.0278,0.26
2,2,case_039,1.0285,0.27
2,2,case_067,1.0299,0.28
2,2,case_079,1.0304,0.29
2,2,case_021,1.0318,0.3
2,2,case_004,1.0325,0.31
2,2,case_072,1.0333,0.32
2,2,case_014,1.0338,0.33
2,2,case_025,1.0342,0.34
2,2,case_033,1.0345,0.35
2,2,case_083,1.0346,0.36
2,2,case_018,1.0365,0.37
2,2,case_007,1.0367,0.38
2,2,case_092,1.0373,0.39
2,2,case_073,1.0383,0.4
2,2,case_058,1.0385,0.41
2,2,case_074,1.0471,0.42
2,2,case_029,1.0531,0.43
2,2,case_042,1.0539,0.44
2,2,case_070,1.0553,0.45
2,2,case_056,1.0618,0.46
2,2,case_097,1.0634,0.47
2,2,case_031,1.0665,0.48
2,2,case_061,1.088,0.49
2,2,case_063,1.0908,0.5
2,2,case_062,1.0915,0.51
2,2,case_034,1.1006,0.52
2,2,case_098,1.1033,0.53
2,2,case_087,1.1094,0.54
2,2,case_053,1.1609,0.55
2,2,case_006,1.161,0.56
2,2,case_085,1.1725,0.57
2,2,case_082,1.1752,0.58
2,2,case_044,1.1816,0.59
2,2,case_050,1.2045,0.6
2,2,case_077,1.2072,0.61
2,2,case_047,1.21,0.62
2,2,case_075,1.2102,0.63
2,2,case_049,1.2125,0.64
2,2,case_023,1.2145,0.65
2,2,case_094,1.2329,0.66
2,2,case_012,1.2341,0.67
2,2,case_008,1.24,0.68
2,2,case_032,1.2484,0.69
2,2,case_060,1.2552,0.7
2,2,case_057,1.2637,0.71
2,2,case_043,1.2665,0.72
2,2,case_017,1.2892,0.73
2,2,case_003,1.3009,0.74
2,2,case_035,1.3259,0.75
2,2,case_040,1.3827,0.76
2,2,case_055,1.3976,0.77
2,2,case_019,1.431,0.78
2,2,case_054,1.4333,0.79
2,2,case_066,1.4651,0.8
2,2,case_065,1.4842,0.81
2,2,case_088,1.5049,0.82
2,2,case_026,1.515,0.83
2,2,case_010,1.5168,0.84
2,2,case_009,1.5212,0.85
2,2,case_096,1.5432,0.86
2,2,case_068,1.582,0.87
2,2,case_069,1.5912,0.88
2,2,case_086,1.5914,0.89
2,2,case_015,1.6473,0.9
2,2,case_005,1.6585,0.91
2,2,case_100,1.6798,0.92
2,2,case_064,1.7401,0.93
2,2,case_071,1.8285,0.94
2,2,case_095,1.9493,0.95
2,2,case_084,1.9818,0.96
2,2,case_016,2.0001,0.97
2,2,case_024,2.0004,0.98
2,2,case_051,2.0018,0.99
2,2,case_048,2.0951,1.0
2,3,case_020,1.0023,0.01
2,3,case_036,1.003,0.02
2,3,case_013,1.0051,0.03
2,3,case_030,1.0063,0.04
2,3,case_001,1.0122,0.05
2,3,case_041,1.0148,0.06
2,3,case_076,1.0166,0.07
2,3,case_004,1.017,0.08
2,3,case_099,1.0177,0.09
2,3,case_093,1.0181,0.1
2,3,case_045,1.0185,0.11
2,3,case_021,1.0196,0.12
2,3,case_029,1.0198,0.13
2,3,case_033,1.0235,0.14
2,3,case_067,1.0262,0.15
2,3,case_052,1.0269,0.16
2,3,case_079,1.027,0.17
2,3,case_081,1.027,0.18
2,3,case_091,1.027,0.19
2,3,case_027,1.0284,0.2
2,3,case_028,1.0286,0.21
2,3,case_002,1.0291,0.22
2,3,case_092,1.0301,0.23
2,3,case_014,1.0334,0.24
2,3,case_025,1.0348,0.25
2,3,case_074,1.0349,0.26
2,3,case_007,1.036,0.27
2,3,case_038,1.0372,0.28
2,3,case_059,1.0383,0.29
2,3,case_097,1.0389,0.3
2,3,case_080,1.0396,0.31
2,3,case_058,1.0399,0.32
2,3,case_037,1.043,0.33
2,3,case_018,1.0453,0.34
2,3,case_072,1.0468,0.35
2,3,case_073,1.0497,0.36
2,3,case_039,1.0514,0.37
2,3,case_089,1.053,0.38
2,3,case_063,1.064,0.39
2,3,case_022,1.0646,0.4
2,3,case_011,1.066,0.41
2,3,case_083,1.0686,0.42
2,3,case_042,1.0726,0.43
2,3,case_031,1.075,0.44
2,3,case_034,1.0918,0.45
2,3,case_062,1.0933,0.46
2,3,case_056,1.1072,0.47
2,3,case_032,1.1181,0.48
2,3,case_094,1.1281,0.49
2,3,case_090,1.1649,0.5
2,3,case_098,1.1894,0.51
2,3,case_082,1.2019,0.52
2,3,case_017,1.2049,0.53
2,3,case_006,1.216,0.54
2,3,case_087,1.2182,0.55
2,3,case_023,1.2199,0.56
2,3,case_060,1.2454,0.57
2,3,case_050,1.2484,0.58
2,3,case_061,1.2524,0.59
2,3,case_077,1.2736,0.6
2,3,case_008,1.3301,0.61
2,3,case_043,1.3328,0.62
2,3,case_070,1.3428,0.63
2,3,case_078,1.3504,0.64
2,3,case_053,1.3684,0.65
2,3,case_057,1.3762,0.66
2,3,case_047,1.4179,0.67
2,3,case_049,1.4686,0.68
2,3,case_085,1.4881,0.69
2,3,case_046,1.5149,0.7
2,3,case_065,1.5181,0.71
2,3,case_012,1.5455,0.72
2,3,case_010,1.5507,0.73
2,3,case_075,1.5519,0.74
2,3,case_055,1.5669,0.75
2,3,case_066,1.6022,0.76
2,3,case_009,1.6502,0.77
2,3,case_035,1.6918,0.78
2,3,case_019,1.6958,0.79
2,3,case_100,1.7042,0.8
2,3,case_015,1.7282,0.81
2,3,case_003,1.729,0.82
2,3,case_088,1.7557,0.83
2,3,case_026,1.7665,0.84
2,3,case_044,1.7724,0.85
2,3,case_040,1.7783,0.86
2,3,case_054,1.7901,0.87
2,3,case_068,1.8041,0.88
2,3,case_086,1.8107,0.89
2,3,case_096,1.878,0.9
2,3,case_095,1.8889,0.91
2,3,case_048,1.9624,0.92
2,3,case_084,1.9807,0.93
2,3,case_005,1.9846,0.94
2,3,case_064,2.1816,0.95
2,3,case_069,2.194,0.96
2,3,case_051,2.3938,0.97
2,3,case_024,2.5357,0.98
2,3,case_071,2.5639,0.99
2,3,case_016,3.0002,1.0
2,4,case_021,1.0015,0.01
2,4,case_027,1.0034,0.02
2,4,case_036,1.0034,0.03
2,4,case_020,1.0041,0.04
2,4,case_059,1.0042,0.05
2,4,case_089,1.0059,0.06
2,4,case_030,1.0079,0.07
2,4,case_076,1.0118,0.08
2,4,case_001,1.0135,0.09
2,4,case_041,1.0157,0.1
2,4,case_013,1.016,0.11
2,4,case_045,1.0162,0.12
2,4,case_011,1.0167,0.13
2,4,case_099,1.0175,0.14
2,4,case_037,1.0176,0.15
2,4,case_097,1.0198,0.16
2,4,case_038,1.0264,0.17
2,4,case_078,1.0277,0.18
2,4,case_067,1.0282,0.19
2,4,case_091,1.0341,0.2
2,4,case_033,1.0342,0.21
2,4,case_074,1.0352,0.22
2,4,case_025,1.0355,0.23
2,4,case_028,1.0365,0.24
2,4,case_072,1.0366,0.25
2,4,case_079,1.038,0.26
2,4,case_004,1.0386,0.27
2,4,case_007,1.0394,0.28
2,4,case_083,1.0397,0.29
2,4,case_081,1.0437,0.3
2,4,case_092,1.0466,0.31
2,4,case_014,1.0475,0.32
2,4,case_018,1.0492,0.33
2,4,case_058,1.0586,0.34
2,4,case_093,1.0696,0.35
2,4,case_031,1.08,0.36
2,4,case_052,1.0863,0.37
2,4,case_039,1.0869,0.38
2,4,case_042,1.0871,0.39
2,4,case_073,1.0901,0.4
2,4,case_062,1.095,0.41
2,4,case_063,1.1007,0.42
2,4,case_022,1.1049,0.43
2,4,case_002,1.117,0.44
2,4,case_034,1.1192,0.45
2,4,case_094,1.1348,0.46
2,4,case_080,1.1418,0.47
2,4,case_029,1.1768,0.48
2,4,case_061,1.2377,0.49
2,4,case_077,1.266,0.5
2,4,case_070,1.2674,0.51
2,4,case_087,1.27,0.52
2,4,case_085,1.273,0.53
2,4,case_060,1.2764,0.54
2,4,case_017,1.2924,0.55
2,4,case_050,1.308,0.56
2,4,case_090,1.3241,0.57
2,4,case_032,1.3268,0.58
2,4,case_075,1.3868,0.59
2,4,case_008,1.4153,0.6
2,4,case_056,1.4462,0.61
2,4,case_049,1.4776,0.62
2,4,case_053,1.4788,0.63
2,4,case_082,1.521,0.64
2,4,case_057,1.5218,0.65
2,4,case_006,1.5467,0.66
2,4,case_098,1.5859,0.67
2,4,case_043,1.5876,0.68
2,4,case_023,1.6265,0.69
2,4,case_003,1.6615,0.7
2,4,case_012,1.7082,0.71
2,4,case_054,1.7126,0.72
2,4,case_065,1.7351,0.73
2,4,case_047,1.753,0.74
2,4,case_046,1.7588,0.75
2,4,case_055,1.7763,0.76
2,4,case_015,1.8398,0.77
2,4,case_019,1.8829,0.78
2,4,case_048,1.8887,0.79
2,4,case_010,1.91,0.8
2,4,case_095,1.9605,0.81
2,4,case_066,1.9699,0.82
2,4,case_084,1.9866,0.83
2,4,case_068,2.0041,0.84
2,4,case_096,2.0315,0.85
2,4,case_086,2.0443,0.86
2,4,case_100,2.0493,0.87
2,4,case_088,2.0568,0.88
2,4,case_009,2.1308,0.89
2,4,case_035,2.1701,0.9
2,4,case_051,2.2888,0.91
2,4,case_026,2.3553,0.92
2,4,case_044,2.3633,0.93
2,4,case_040,2.371,0.94
2,4,case_005,2.4449,0.95
2,4,case_069,2.7365,0.96
2,4,case_064,2.8592,0.97
2,4,case_071,2.8865,0.98
2,4,case_024,3.1416,0.99
2,4,case_016,3.165,1.0
2,5,case_036,1.0051,0.01
2,5,case_021,1.0095,0.02
2,5,case_020,1.0099,0.03
2,5,case_030,1.011,0.04
2,5,case_041,1.0123,0.05
2,5,case_089,1.0139,0.06
2,5,case_076,1.0195,0.07
2,5,case_081,1.0197,0.08
2,5,case_001,1.0202,0.09
2,5,case_097,1.0202,0.1
2,5,case_059,1.0215,0.11
2,5,case_037,1.0261,0.12
2,5,case_013,1.0307,0.13
2,5,case_079,1.0325,0.14
2,5,case_028,1.0334,0.15
2,5,case_033,1.0335,0.16
2,5,case_025,1.0369,0.17
2,5,case_045,1.0396,0.18
2,5,case_038,1.0399,0.19
2,5,case_007,1.041,0.2
2,5,case_072,1.0477,0.21
2,5,case_018,1.053,0.22
2,5,case_099,1.053,0.23
2,5,case_092,1.0566,0.24
2,5,case_091,1.0567,0.25
2,5,case_014,1.0576,0.26
2,5,case_067,1.0635,0.27
2,5,case_074,1.0687,0.28
2,5,case_093,1.0732,0.29
2,5,case_042,1.0741,0.3
2,5,case_052,1.0767,0.31
2,5,case_004,1.0803,0.32
2,5,case_058,1.0875,0.33
2,5,case_027,1.0934,0.34
2,5,case_062,1.0967,0.35
2,5,case_011,1.0993,0.36
2,5,case_063,1.1012,0.37
2,5,case_031,1.1014,0.38
2,5,case_034,1.1022,0.39
2,5,case_039,1.1315,0.4
2,5,case_073,1.1322,0.41
2,5,case_083,1.1407,0.42
2,5,case_002,1.1538,0.43
2,5,case_022,1.158,0.44
2,5,case_078,1.1932,0.45
2,5,case_060,1.2428,0.46
2,5,case_087,1.2445,0.47
2,5,case_029,1.2516,0.48
2,5,case_080,1.3232,0.49
2,5,case_017,1.3285,0.5
2,5,case_094,1.3771,0.51
2,5,case_077,1.43,0.52
2,5,case_008,1.4359,0.53
2,5,case_061,1.4386,0.54
2,5,case_070,1.4555,0.55
2,5,case_012,1.4956,0.56
2,5,case_032,1.5223,0.57
2,5,case_056,1.5544,0.58
2,5,case_023,1.5741,0.59
2,5,case_085,1.5912,0.6
2,5,case_053,1.6203,0.61
2,5,case_050,1.635,0.62
2,5,case_019,1.6489,0.63
2,5,case_075,1.6489,0.64
2,5,case_090,1.6551,0.65
2,5,case_057,1.7227,0.66
2,5,case_043,1.7474,0.67
2,5,case_082,1.767,0.68
2,5,case_006,1.7734,0.69
2,5,case_049,1.7926,0.7
2,5,case_065,1.7992,0.71
2,5,case_048,1.8887,0.72
2,5,case_098,1.8896,0.73
2,5,case_055,1.9407,0.74
2,5,case_095,1.9666,0.75
2,5,case_047,1.9751,0.76
2,5,case_084,1.9876,0.77
2,5,case_066,2.038,0.78
2,5,case_015,2.0697,0.79
2,5,case_009,2.0731,0.8
2,5,case_003,2.0768,0.81
2,5,case_054,2.1408,0.82
2,5,case_010,2.1805,0.83
2,5,case_046,2.1985,0.84
2,5,case_035,2.2388,0.85
2,5,case_096,2.3625,0.86
2,5,case_088,2.4218,0.87
2,5,case_068,2.4924,0.88
2,5,case_086,2.5554,0.89
2,5,case_100,2.5616,0.9
2,5,case_044,2.7039,0.91
2,5,case_051,2.861,0.92
2,5,case_026,2.9441,0.93
2,5,case_040,2.9638,0.94
2,5,case_005,3.0562,0.95
2,5,case_024,3.0907,0.96
2,5,case_064,3.1899,0.97
2,5,case_069,3.3954,0.98
2,5,case_071,3.6082,0.99
2,5,case_016,3.9562,1.0
3,2,case_020,1.001,0.01
3,2,case_027,1.001,0.02
3,2,case_036,1.001,0.03
3,2,case_059,1.0011,0.04
3,2,case_089,1.002,0.05
3,2,case_013,1.0026,0.06
3,2,case_078,1.0032,0.07
3,2,case_001,1.004,0.08
3,2,case_011,1.0046,0.09
3,2,case_045,1.0051,0.1
3,2,case_037,1.0055,0.11
3,2,case_080,1.008,0.12
3,2,case_030,1.0083,0.13
3,2,case_099,1.01,0.14
3,2,case_046,1.0105,0.15
3,2,case_076,1.0114,0.16
3,2,case_041,1.0115,0.17
3,2,case_081,1.0131,0.18
3,2,case_052,1.0143,0.19
3,2,case_002,1.0147,0.2
3,2,case_022,1.0162,0.21
3,2,case_091,1.0163,0.22
3,2,case_093,1.0228,0.23
3,2,case_039,1.0242,0.24
3,2,case_038,1.0247,0.25
3,2,case_028,1.0268,0.26
3,2,case_090,1.0269,0.27
3,2,case_067,1.0287,0.28
3,2,case_073,1.0288,0.29
3,2,case_079,1.0304,0.3
3,2,case_021,1.0315,0.31
3,2,case_004,1.0325,0.32
3,2,case_014,1.0329,0.33
3,2,case_072,1.0329,0.34
3,2,case_025,1.0342,0.35
3,2,case_033,1.0343,0.36
3,2,case_083,1.0346,0.37
3,2,case_018,1.0354,0.38
3,2,case_007,1.0367,0.39
3,2,case_092,1.0373,0.4
3,2,case_058,1.0379,0.41
3,2,case_074,1.0445,0.42
3,2,case_042,1.0513,0.43
3,2,case_029,1.0531,0.44
3,2,case_070,1.0553,0.45
3,2,case_056,1.0618,0.46
3,2,case_097,1.0633,0.47
3,2,case_031,1.0645,0.48
3,2,case_061,1.088,0.49
3,2,case_063,1.09,0.5
3,2,case_062,1.0915,0.51
3,2,case_034,1.1005,0.52
3,2,case_098,1.1033,0.53
3,2,case_087,1.1083,0.54
3,2,case_006,1.1587,0.55
3,2,case_053,1.1608,0.56
3,2,case_085,1.1725,0.57
3,2,case_082,1.1752,0.58
3,2,case_044,1.1803,0.59
3,2,case_050,1.2045,0.6
3,2,case_023,1.2056,0.61
3,2,case_077,1.2072,0.62
3,2,case_047,1.21,0.63
3,2,case_075,1.2102,0.64
3,2,case_049,1.2121,0.65
3,2,case_094,1.2329,0.66
3,2,case_012,1.2341,0.67
3,2,case_008,1.24,0.68
3,2,case_032,1.2484,0.69
3,2,case_060,1.2546,0.7
3,2,case_057,1.2637,0.71
3,2,case_043,1.2662,0.72
3,2,case_017,1.2892,0.73
3,2,case_003,1.3009,0.74
3,2,case_035,1.3259,0.75
3,2,case_040,1.3827,0.76
3,2,case_055,1.3976,0.77
3,2,case_019,1.431,0.78
3,2,case_054,1.4332,0.79
3,2,case_066,1.4651,0.8
3,2,case_065,1.4842,0.81
3,2,case_088,1.5046,0.82
3,2,case_026,1.515,0.83
3,2,case_010,1.5154,0.84
3,2,case_009,1.5212,0.85
3,2,case_096,1.5432,0.86
3,2,case_069,1.5727,0.87
3,2,case_068,1.5817,0.88
3,2,case_086,1.5897,0.89
3,2,case_015,1.6435,0.9
3,2,case_005,1.6576,0.91
3,2,case_100,1.6798,0.92
3,2,case_064,1.737,0.93
3,2,case_071,1.7929,0.94
3,2,case_095,1.9493,0.95
3,2,case_084,1.9818,0.96
3,2,case_016,2.0001,0.97
3,2,case_024,2.0004,0.98
3,2,case_051,2.0018,0.99
3,2,case_048,2.095,1.0
3,3,case_020,1.0023,0.01
3,3,case_036,1.003,0.02
3,3,case_013,1.0051,0.03
3,3,case_030,1.0063,0.04
3,3,case_001,1.0122,0.05
3,3,case_041,1.013,0.06
3,3,case_076,1.0144,0.07
3,3,case_099,1.0154,0.08
3,3,case_004,1.017,0.09
3,3,case_093,1.0181,0.1
3,3,case_045,1.0185,0.11
3,3,case_021,1.0191,0.12
3,3,case_029,1.0198,0.13
3,3,case_033,1.0214,0.14
3,3,case_067,1.0227,0.15
3,3,case_014,1.0243,0.16
3,3,case_091,1.0252,0.17
3,3,case_052,1.0269,0.18
3,3,case_079,1.027,0.19
3,3,case_081,1.027,0.2
3,3,case_027,1.0281,0.21
3,3,case_028,1.0286,0.22
3,3,case_002,1.0291,0.23
3,3,case_092,1.0291,0.24
3,3,case_058,1.0297,0.25
3,3,case_038,1.0334,0.26
3,3,case_074,1.0335,0.27
3,3,case_025,1.0348,0.28
3,3,case_059,1.0355,0.29
3,3,case_007,1.036,0.3
3,3,case_097,1.0376,0.31
3,3,case_080,1.0396,0.32
3,3,case_018,1.0427,0.33
3,3,case_037,1.043,0.34
3,3,case_072,1.0454,0.35
3,3,case_039,1.0479,0.36
3,3,case_073,1.0497,0.37
3,3,case_063,1.0525,0.38
3,3,case_089,1.053,0.39
3,3,case_022,1.0645,0.4
3,3,case_011,1.066,0.41
3,3,case_042,1.0685,0.42
3,3,case_083,1.0686,0.43
3,3,case_031,1.0748,0.44
3,3,case_034,1.0911,0.45
3,3,case_062,1.0933,0.46
3,3,case_056,1.105,0.47
3,3,case_032,1.113,0.48
3,3,case_094,1.1281,0.49
3,3,case_090,1.1575,0.5
3,3,case_098,1.1829,0.51
3,3,case_082,1.2018,0.52
3,3,case_006,1.2046,0.53
3,3,case_017,1.2049,0.54
3,3,case_087,1.2161,0.55
3,3,case_023,1.2199,0.56
3,3,case_061,1.2373,0.57
3,3,case_060,1.2447,0.58
3,3,case_050,1.2468,0.59
3,3,case_077,1.2653,0.6
3,3,case_078,1.3264,0.61
3,3,case_043,1.3297,0.62
3,3,case_008,1.3301,0.63
3,3,case_070,1.3428,0.64
3,3,case_057,1.3533,0.65
3,3,case_053,1.3684,0.66
3,3,case_047,1.4165,0.67
3,3,case_049,1.4686,0.68
3,3,case_046,1.4725,0.69
3,3,case_085,1.4881,0.7
3,3,case_065,1.5181,0.71
3,3,case_010,1.5232,0.72
3,3,case_012,1.5454,0.73
3,3,case_075,1.5512,0.74
3,3,case_055,1.5669,0.75
3,3,case_066,1.5991,0.76
3,3,case_009,1.6495,0.77
3,3,case_035,1.6839,0.78
3,3,case_019,1.6922,0.79
3,3,case_100,1.7042,0.8
3,3,case_003,1.7179,0.81
3,3,case_015,1.7281,0.82
3,3,case_088,1.7539,0.83
3,3,case_026,1.7665,0.84
3,3,case_044,1.7705,0.85
3,3,case_040,1.7783,0.86
3,3,case_054,1.7879,0.87
3,3,case_086,1.7916,0.88
3,3,case_068,1.8026,0.89
3,3,case_096,1.878,0.9
3,3,case_095,1.8889,0.91
3,3,case_048,1.9625,0.92
3,3,case_005,1.9789,0.93
3,3,case_084,1.9807,0.94
3,3,case_069,2.1599,0.95
3,3,case_064,2.1736,0.96
3,3,case_051,2.3883,0.97
3,3,case_024,2.5354,0.98
3,3,case_071,2.5457,0.99
3,3,case_016,3.0002,1.0
3,4,case_021,1.0015,0.01
3,4,case_027,1.0034,0.02
3,4,case_036,1.0034,0.03
3,4,case_020,1.0041,0.04
3,4,case_059,1.0042,0.05
3,4,case_089,1.0059,0.06
3,4,case_030,1.007,0.07
3,4,case_076,1.0096,0.08
3,4,case_041,1.0132,0.09
3,4,case_001,1.0135,0.1
3,4,case_099,1.0142,0.11
3,4,case_013,1.016,0.12
3,4,case_045,1.0162,0.13
3,4,case_011,1.0167,0.14
3,4,case_037,1.0176,0.15
3,4,case_097,1.0198,0.16
3,4,case_067,1.0211,0.17
3,4,case_039,1.0212,0.18
3,4,case_038,1.0259,0.19
3,4,case_074,1.0265,0.2
3,4,case_078,1.0277,0.21
3,4,case_033,1.0305,0.22
3,4,case_092,1.0311,0.23
3,4,case_091,1.0319,0.24
3,4,case_014,1.0341,0.25
3,4,case_072,1.0342,0.26
3,4,case_028,1.0346,0.27
3,4,case_025,1.0355,0.28
3,4,case_079,1.038,0.29
3,4,case_004,1.0386,0.3
3,4,case_007,1.0394,0.31
3,4,case_083,1.0397,0.32
3,4,case_073,1.0408,0.33
3,4,case_018,1.041,0.34
3,4,case_081,1.0437,0.35
3,4,case_058,1.0485,0.36
3,4,case_093,1.0696,0.37
3,4,case_042,1.0729,0.38
3,4,case_031,1.0795,0.39
3,4,case_052,1.0863,0.4
3,4,case_062,1.0949,0.41
3,4,case_063,1.1006,0.42
3,4,case_080,1.1016,0.43
3,4,case_022,1.1049,0.44
3,4,case_034,1.112,0.45
3,4,case_002,1.117,0.46
3,4,case_094,1.1345,0.47
3,4,case_029,1.1706,0.48
3,4,case_090,1.236,0.49
3,4,case_061,1.2377,0.5
3,4,case_087,1.264,0.51
3,4,case_077,1.266,0.52
3,4,case_070,1.2674,0.53
3,4,case_085,1.2728,0.54
3,4,case_060,1.2748,0.55
3,4,case_017,1.2924,0.56
3,4,case_050,1.3074,0.57
3,4,case_032,1.3268,0.58
3,4,case_075,1.3852,0.59
3,4,case_053,1.4016,0.6
3,4,case_008,1.4153,0.61
3,4,case_056,1.4449,0.62
3,4,case_049,1.4597,0.63
3,4,case_046,1.4653,0.64
3,4,case_006,1.4781,0.65
3,4,case_082,1.521,0.66
3,4,case_057,1.5218,0.67
3,4,case_098,1.5772,0.68
3,4,case_043,1.5813,0.69
3,4,case_012,1.6012,0.7
3,4,case_023,1.6265,0.71
3,4,case_003,1.6376,0.72
3,4,case_055,1.6882,0.73
3,4,case_065,1.6908,0.74
3,4,case_054,1.6962,0.75
3,4,case_047,1.7385,0.76
3,4,case_015,1.8146,0.77
3,4,case_019,1.8392,0.78
3,4,case_010,1.8736,0.79
3,4,case_048,1.8822,0.8
3,4,case_068,1.9388,0.81
3,4,case_066,1.9519,0.82
3,4,case_086,1.9521,0.83
3,4,case_095,1.9605,0.84
3,4,case_084,1.9866,0.85
3,4,case_100,2.0037,0.86
3,4,case_096,2.0315,0.87
3,4,case_088,2.0341,0.88
3,4,case_009,2.101,0.89
3,4,case_035,2.1562,0.9
3,4,case_026,2.2151,0.91
3,4,case_005,2.2639,0.92
3,4,case_051,2.2777,0.93
3,4,case_040,2.3193,0.94
3,4,case_044,2.3606,0.95
3,4,case_069,2.4712,0.96
3,4,case_071,2.7771,0.97
3,4,case_064,2.8524,0.98
3,4,case_024,3.1366,0.99
3,4,case_016,3.1647,1.0
3,5,case_036,1.0051,0.01
3,5,case_021,1.0089,0.02
3,5,case_030,1.0095,0.03
3,5,case_020,1.0099,0.04
3,5,case_041,1.0109,0.05
3,5,case_089,1.0139,0.06
3,5,case_076,1.0147,0.07
3,5,case_081,1.0197,0.08
3,5,case_001,1.0202,0.09
3,5,case_097,1.0202,0.1
3,5,case_059,1.0215,0.11
3,5,case_099,1.0248,0.12
3,5,case_038,1.0251,0.13
3,5,case_028,1.0252,0.14
3,5,case_037,1.0261,0.15
3,5,case_033,1.0303,0.16
3,5,case_013,1.0307,0.17
3,5,case_079,1.0324,0.18
3,5,case_025,1.0369,0.19
3,5,case_045,1.0396,0.2
3,5,case_007,1.041,0.21
3,5,case_072,1.0416,0.22
3,5,case_091,1.0492,0.23
3,5,case_018,1.0519,0.24
3,5,case_074,1.0544,0.25
3,5,case_014,1.0545,0.26
3,5,case_092,1.0582,0.27
3,5,case_067,1.0606,0.28
3,5,case_042,1.0695,0.29
3,5,case_093,1.0732,0.3
3,5,case_052,1.0767,0.31
3,5,case_073,1.0791,0.32
3,5,case_004,1.0803,0.33
3,5,case_058,1.0865,0.34
3,5,case_027,1.0934,0.35
3,5,case_062,1.0967,0.36
3,5,case_039,1.0971,0.37
3,5,case_011,1.0993,0.38
3,5,case_034,1.1,0.39
3,5,case_031,1.1006,0.4
3,5,case_063,1.1012,0.41
3,5,case_078,1.1227,0.42
3,5,case_083,1.1407,0.43
3,5,case_002,1.1541,0.44
3,5,case_022,1.158,0.45
3,5,case_080,1.2116,0.46
3,5,case_060,1.2428,0.47
3,5,case_087,1.2445,0.48
3,5,case_029,1.2461,0.49
3,5,case_017,1.3285,0.5
3,5,case_094,1.3526,0.51
3,5,case_077,1.3769,0.52
3,5,case_061,1.4191,0.53
3,5,case_008,1.4359,0.54
3,5,case_070,1.4555,0.55
3,5,case_012,1.4852,0.56
3,5,case_053,1.5088,0.57
3,5,case_032,1.5223,0.58
3,5,case_056,1.5344,0.59
3,5,case_090,1.545,0.6
3,5,case_023,1.5741,0.61
3,5,case_085,1.591,0.62
3,5,case_019,1.6143,0.63
3,5,case_050,1.6342,0.64
3,5,case_075,1.6357,0.65
3,5,case_043,1.658,0.66
3,5,case_057,1.6735,0.67
3,5,case_006,1.712,0.68
3,5,case_082,1.7491,0.69
3,5,case_098,1.7584,0.7
3,5,case_049,1.7746,0.71
3,5,case_065,1.7975,0.72
3,5,case_046,1.8316,0.73
3,5,case_055,1.8813,0.74
3,5,case_048,1.8822,0.75
3,5,case_047,1.9213,0.76
3,5,case_095,1.9666,0.77
3,5,case_066,1.9851,0.78
3,5,case_084,1.9876,0.79
3,5,case_009,2.0135,0.8
3,5,case_003,2.0471,0.81
3,5,case_010,2.066,0.82
3,5,case_015,2.0697,0.83
3,5,case_054,2.1203,0.84
3,5,case_035,2.2064,0.85
3,5,case_088,2.2329,0.86
3,5,case_068,2.2686,0.87
3,5,case_096,2.3035,0.88
3,5,case_100,2.3767,0.89
3,5,case_086,2.4401,0.9
3,5,case_044,2.7009,0.91
3,5,case_026,2.7688,0.92
3,5,case_005,2.8298,0.93
3,5,case_051,2.8472,0.94
3,5,case_040,2.8992,0.95
3,5,case_069,2.9696,0.96
3,5,case_024,3.0871,0.97
3,5,case_064,3.1823,0.98
3,5,case_071,3.3609,0.99
3,5,case_016,3.9559,1.0
