case,problem,eval_problem,num_cores,algorithm,variant,seed,runtime_s,eval_s,feasible,makespan,added_copy_bytes,partition_added_copy_bytes,spill_added_copy_bytes,scheduled_copy_bytes,cache_hit_rate,cache_hit_bytes,n_subgraphs,baseline_makespan,error,speedup
case_004,3,3,4,capls,0.03,0,0.062,0.17,True,111686,2036736,2036736,0,2829312,0.18877551020408162,340992,8,392357,,3.5130365488960122
case_004,3,3,4,capls,0.06,0,0.039,0.094,True,104188,331776,331776,0,1124352,0.0,0,4,392357,,3.765855952700887
case_004,3,3,4,capls,0.12,0,0.025,0.094,True,104188,331776,331776,0,1124352,0.0,0,4,392357,,3.765855952700887
case_004,3,3,4,capls,0.25,0,0.025,0.094,True,104188,331776,331776,0,1124352,0.0,0,4,392357,,3.765855952700887
case_004,3,3,4,capls,0.5,0,0.024,0.094,True,104188,331776,331776,0,1124352,0.0,0,4,392357,,3.765855952700887
case_004,3,3,4,capls,1.0,0,0.025,0.094,True,104188,331776,331776,0,1124352,0.0,0,4,392357,,3.765855952700887
case_004,3,3,4,capls,2.0,0,0.025,0.094,True,104188,331776,331776,0,1124352,0.0,0,4,392357,,3.765855952700887
case_004,2,2,4,capls,0.03,0,0.061,0.248,True,111686,2036736,2036736,0,2829312,,,8,392357,,3.5130365488960122
case_004,2,2,4,capls,0.06,0,0.034,0.075,True,104188,331776,331776,0,1124352,,,4,392357,,3.765855952700887
case_004,2,2,4,capls,0.12,0,0.041,0.075,True,104188,331776,331776,0,1124352,,,4,392357,,3.765855952700887
case_004,2,2,4,capls,0.25,0,0.024,0.075,True,104188,331776,331776,0,1124352,,,4,392357,,3.765855952700887
case_004,2,2,4,capls,0.5,0,0.031,0.075,True,104188,331776,331776,0,1124352,,,4,392357,,3.765855952700887
case_004,2,2,4,capls,1.0,0,0.038,0.075,True,104188,331776,331776,0,1124352,,,4,392357,,3.765855952700887
case_004,2,2,4,capls,2.0,0,0.025,0.075,True,104188,331776,331776,0,1124352,,,4,392357,,3.765855952700887
case_008,3,3,4,capls,0.03,0,0.094,0.179,True,136939,1511424,1511424,0,4165848,0.0,0,8,487605,,3.5607460256026404
case_008,3,3,4,capls,0.06,0,0.033,0.177,True,123060,0,0,0,2654424,0.0,0,4,487605,,3.962335446123842
case_008,3,3,4,capls,0.12,0,0.036,0.177,True,123060,0,0,0,2654424,0.0,0,4,487605,,3.962335446123842
case_008,3,3,4,capls,0.25,0,0.034,0.177,True,123060,0,0,0,2654424,0.0,0,4,487605,,3.962335446123842
case_008,3,3,4,capls,0.5,0,0.038,0.177,True,123060,0,0,0,2654424,0.0,0,4,487605,,3.962335446123842
case_008,3,3,4,capls,1.0,0,0.026,0.177,True,123060,0,0,0,2654424,0.0,0,4,487605,,3.962335446123842
case_008,3,3,4,capls,2.0,0,0.025,0.177,True,123060,0,0,0,2654424,0.0,0,4,487605,,3.962335446123842
case_008,2,2,4,capls,0.03,0,0.134,0.16,True,136939,1511424,1511424,0,4165848,,,8,487605,,3.5607460256026404
case_008,2,2,4,capls,0.06,0,0.038,0.145,True,123060,0,0,0,2654424,,,4,487605,,3.962335446123842
case_008,2,2,4,capls,0.12,0,0.037,0.145,True,123060,0,0,0,2654424,,,4,487605,,3.962335446123842
case_008,2,2,4,capls,0.25,0,0.032,0.145,True,123060,0,0,0,2654424,,,4,487605,,3.962335446123842
case_008,2,2,4,capls,0.5,0,0.037,0.145,True,123060,0,0,0,2654424,,,4,487605,,3.962335446123842
case_008,2,2,4,capls,1.0,0,0.028,0.145,True,123060,0,0,0,2654424,,,4,487605,,3.962335446123842
case_008,2,2,4,capls,2.0,0,0.028,0.145,True,123060,0,0,0,2654424,,,4,487605,,3.962335446123842
case_004,1,1,4,capls,0.03,0,0.058,0.191,True,118150,3741696,3741696,0,4534272,,,8,392357,,3.3208379179009735
case_004,1,1,4,capls,0.06,0,0.024,0.148,True,104188,331776,331776,0,1124352,,,4,392357,,3.765855952700887
case_004,1,1,4,capls,0.12,0,0.024,0.148,True,104188,331776,331776,0,1124352,,,4,392357,,3.765855952700887
case_004,1,1,4,capls,0.25,0,0.024,0.148,True,104188,331776,331776,0,1124352,,,4,392357,,3.765855952700887
case_004,1,1,4,capls,0.5,0,0.036,0.148,True,104188,331776,331776,0,1124352,,,4,392357,,3.765855952700887
case_004,1,1,4,capls,1.0,0,0.037,0.148,True,104188,331776,331776,0,1124352,,,4,392357,,3.765855952700887
case_004,1,1,4,capls,2.0,0,0.035,0.148,True,104188,331776,331776,0,1124352,,,4,392357,,3.765855952700887
case_008,1,1,4,capls,0.03,0,0.11,0.183,True,141352,1511424,1511424,0,4165848,,,8,487605,,3.44957977248288
case_008,1,1,4,capls,0.06,0,0.024,0.23,True,123060,0,0,0,2654424,,,4,487605,,3.962335446123842
case_008,1,1,4,capls,0.12,0,0.025,0.23,True,123060,0,0,0,2654424,,,4,487605,,3.962335446123842
case_008,1,1,4,capls,0.25,0,0.027,0.23,True,123060,0,0,0,2654424,,,4,487605,,3.962335446123842
case_008,1,1,4,capls,0.5,0,0.039,0.23,True,123060,0,0,0,2654424,,,4,487605,,3.962335446123842
case_008,1,1,4,capls,1.0,0,0.027,0.23,True,123060,0,0,0,2654424,,,4,487605,,3.962335446123842
case_008,1,1,4,capls,2.0,0,0.026,0.23,True,123060,0,0,0,2654424,,,4,487605,,3.962335446123842
case_010,2,2,4,capls,0.03,0,0.086,0.177,True,36624,567344,567344,0,951494,,,15,86969,,2.3746450415028395
case_010,2,2,4,capls,0.06,0,0.068,0.132,True,36135,552980,552980,0,937130,,,16,86969,,2.4067801300678013
case_010,2,2,4,capls,0.12,0,0.07,0.114,True,40433,525980,525980,0,910130,,,14,86969,,2.1509410629930996
case_010,2,2,4,capls,0.25,0,0.055,0.141,True,36585,491996,491996,0,876146,,,16,86969,,2.377176438431051
case_010,2,2,4,capls,0.5,0,0.068,0.096,True,30780,469788,469788,0,853938,,,14,86969,,2.8255035737491876
case_010,2,2,4,capls,1.0,0,0.076,0.106,True,33822,556932,556932,0,941082,,,9,86969,,2.5713736621134173
case_010,2,2,4,capls,2.0,0,0.022,0.139,True,31144,0,0,0,384150,,,4,86969,,2.792480092473671
case_010,3,3,4,capls,0.03,0,0.111,0.194,True,30615,757028,757028,0,1141178,0.275588602979477,253956,23,86969,,2.8407316674832597
case_010,3,3,4,capls,0.06,0,0.08,0.129,True,32941,802316,802316,0,1186466,0.3470855174667823,331332,20,86969,,2.6401445007741113
case_010,3,3,4,capls,0.12,0,0.045,0.167,True,30639,838088,838088,0,1222238,0.3634577959726942,360452,23,86969,,2.838506478670975
case_010,3,3,4,capls,0.25,0,0.038,0.158,True,40591,786072,786072,0,1170222,0.390406609341031,377474,18,86969,,2.1425685496785003
case_010,3,3,4,capls,0.5,0,0.08,0.127,True,34973,777884,777884,0,1162034,0.3695695492077198,356098,14,86969,,2.48674691905184
case_010,3,3,4,capls,1.0,0,0.066,0.116,True,38050,562628,562628,0,946778,0.3737175119244622,307136,8,86969,,2.2856504599211562
case_010,3,3,4,capls,2.0,0,0.021,0.074,True,31144,0,0,0,384150,0.0,0,4,86969,,2.792480092473671
case_012,1,1,4,capls,0.03,0,0.144,0.242,True,21494,127792,127792,0,682690,,,9,59088,,2.7490462454638505
case_012,1,1,4,capls,0.06,0,0.137,0.249,True,22840,145344,145344,0,700242,,,9,59088,,2.5870402802101577
case_012,1,1,4,capls,0.12,0,0.12,0.288,True,19925,110786,110786,0,665684,,,7,59088,,2.9655207026348807
case_012,1,1,4,capls,0.25,0,0.104,0.246,True,21808,146892,146892,0,701790,,,8,59088,,2.709464416727806
case_012,1,1,4,capls,0.5,0,0.107,0.321,True,19624,84540,84540,0,639438,,,8,59088,,3.0110069302894416
case_012,1,1,4,capls,1.0,0,0.022,0.208,True,18774,0,0,0,554898,,,4,59088,,3.1473314157877916
case_012,1,1,4,capls,2.0,0,0.022,0.208,True,18774,0,0,0,554898,,,4,59088,,3.1473314157877916
case_012,2,2,4,capls,0.03,0,0.098,0.093,True,18848,89632,89632,0,644530,,,9,59088,,3.134974533106961
case_012,2,2,4,capls,0.06,0,0.116,0.101,True,22442,119488,119488,0,674386,,,9,59088,,2.632920417075127
case_012,2,2,4,capls,0.12,0,0.106,0.133,True,19547,90290,90290,0,645188,,,7,59088,,3.0228679592776384
case_012,2,2,4,capls,0.25,0,0.083,0.157,True,20091,119740,119740,0,674638,,,8,59088,,2.941018366432731
case_012,2,2,4,capls,0.5,0,0.12,0.156,True,18089,73016,73016,0,627914,,,8,59088,,3.2665155619437227
case_012,2,2,4,capls,1.0,0,0.031,0.104,True,18774,0,0,0,554898,,,4,59088,,3.1473314157877916
case_012,2,2,4,capls,2.0,0,0.029,0.104,True,18774,0,0,0,554898,,,4,59088,,3.1473314157877916
case_007,1,1,4,capls,0.03,0,0.118,1.49,True,254398,82944,82944,0,1815552,,,4,1012562,,3.980227831979811
case_007,1,1,4,capls,0.06,0,0.119,1.49,True,254398,82944,82944,0,1815552,,,4,1012562,,3.980227831979811
case_007,1,1,4,capls,0.12,0,0.12,1.49,True,254398,82944,82944,0,1815552,,,4,1012562,,3.980227831979811
case_007,1,1,4,capls,0.25,0,0.125,1.49,True,254398,82944,82944,0,1815552,,,4,1012562,,3.980227831979811
case_007,1,1,4,capls,0.5,0,0.132,1.49,True,254398,82944,82944,0,1815552,,,4,1012562,,3.980227831979811
case_007,1,1,4,capls,1.0,0,0.103,1.49,True,254398,82944,82944,0,1815552,,,4,1012562,,3.980227831979811
case_007,1,1,4,capls,2.0,0,0.104,1.49,True,254398,82944,82944,0,1815552,,,4,1012562,,3.980227831979811
case_007,3,3,4,capls,0.03,0,0.116,0.651,True,254398,82944,82944,0,1815552,0.0,0,4,1012562,,3.980227831979811
case_007,3,3,4,capls,0.06,0,0.134,0.651,True,254398,82944,82944,0,1815552,0.0,0,4,1012562,,3.980227831979811
case_007,3,3,4,capls,0.12,0,0.104,0.651,True,254398,82944,82944,0,1815552,0.0,0,4,1012562,,3.980227831979811
case_007,3,3,4,capls,0.25,0,0.095,0.651,True,254398,82944,82944,0,1815552,0.0,0,4,1012562,,3.980227831979811
case_007,3,3,4,capls,0.5,0,0.1,0.651,True,254398,82944,82944,0,1815552,0.0,0,4,1012562,,3.980227831979811
case_007,3,3,4,capls,1.0,0,0.137,0.651,True,254398,82944,82944,0,1815552,0.0,0,4,1012562,,3.980227831979811
case_007,3,3,4,capls,2.0,0,0.132,0.651,True,254398,82944,82944,0,1815552,0.0,0,4,1012562,,3.980227831979811
case_012,3,3,4,capls,0.03,0,0.128,0.155,True,19007,191500,191500,0,746398,0.18794392437563692,122830,11,59088,,3.1087494081128004
case_012,3,3,4,capls,0.06,0,0.127,0.171,True,19236,178950,178950,0,733848,0.19747614555464485,127694,12,59088,,3.071740486587648
case_012,3,3,4,capls,0.12,0,0.111,0.144,True,18318,156668,156668,0,711566,0.1905519629309028,119752,10,59088,,3.2256796593514574
case_012,3,3,4,capls,0.25,0,0.117,0.134,True,16805,156658,156658,0,711556,0.21010371681077966,132038,10,59088,,3.516096399880988
case_012,3,3,4,capls,0.5,0,0.121,0.135,True,20558,157436,157436,0,712334,0.21680466501741807,137416,9,59088,,2.8742095534585075
case_012,3,3,4,capls,1.0,0,0.033,0.167,True,18774,0,0,0,554898,0.0,0,4,59088,,3.1473314157877916
case_012,3,3,4,capls,2.0,0,0.022,0.167,True,18774,0,0,0,554898,0.0,0,4,59088,,3.1473314157877916
case_010,1,1,4,capls,0.03,0,0.104,0.092,True,41208,710858,710858,0,1095008,,,15,86969,,2.110488254707824
case_010,1,1,4,capls,0.06,0,0.059,0.093,True,39850,751734,751734,0,1135884,,,16,86969,,2.1824090338770388
case_010,1,1,4,capls,0.12,0,0.052,0.088,True,37679,603698,603698,0,987848,,,12,86969,,2.3081557366172136
case_010,1,1,4,capls,0.25,0,0.052,0.094,True,43130,803386,803386,0,1187536,,,16,86969,,2.0164386737769533
case_010,1,1,4,capls,0.5,0,0.051,0.143,True,35860,496302,496302,0,880452,,,14,86969,,2.4252370329057444
case_010,1,1,4,capls,1.0,0,0.052,0.121,True,41795,725260,725260,0,1109410,,,9,86969,,2.080846991266898
case_010,1,1,4,capls,2.0,0,0.014,0.083,True,31144,0,0,0,384150,,,4,86969,,2.792480092473671
case_026,2,2,4,capls,0.03,0,0.087,0.075,True,51460,732564,732564,0,1261418,,,27,99203,,1.927769141080451
case_026,2,2,4,capls,0.06,0,0.076,0.139,True,45940,777304,777304,0,1306158,,,18,99203,,2.1594035698737484
case_026,2,2,4,capls,0.12,0,0.067,0.079,True,54453,649148,649148,0,1178002,,,15,99203,,1.8218096339962904
case_026,2,2,4,capls,0.25,0,0.061,0.137,True,54574,698212,698212,0,1227066,,,13,99203,,1.817770366841353
case_026,2,2,4,capls,0.5,0,0.042,0.148,True,48873,566560,566560,0,1095414,,,8,99203,,2.0298119616147976
case_026,2,2,4,capls,1.0,0,0.024,0.083,True,51471,493984,493984,0,1022838,,,8,99203,,1.9273571525713509
case_026,2,2,4,capls,2.0,0,0.019,0.058,True,42208,0,0,0,528854,,,4,99203,,2.3503364291129643
case_026,3,3,4,capls,0.03,0,0.108,0.071,True,49399,1186416,1186416,0,1715270,0.4436704460942663,621624,22,99203,,2.008198546529282
case_026,3,3,4,capls,0.06,0,0.075,0.118,True,56434,1044248,1044248,0,1573102,0.40490956931962735,511204,18,99203,,1.7578587376404295
case_026,3,3,4,capls,0.12,0,0.058,0.082,True,53416,1234016,1234016,0,1762870,0.4911392755156368,710320,17,99203,,1.8571776246817433
case_026,3,3,4,capls,0.25,0,0.053,0.074,True,52203,1320304,1320304,0,1849158,0.4589380708100092,706224,17,99203,,1.9003313985786257
case_026,3,3,4,capls,0.5,0,0.05,0.391,True,53522,681424,681424,0,1210278,0.5822497099039393,681408,8,99203,,1.8534994955345465
case_026,3,3,4,capls,1.0,0,0.028,0.065,True,51471,493984,493984,0,1022838,0.5025812372438857,493968,8,99203,,1.9273571525713509
case_026,3,3,4,capls,2.0,0,0.022,0.054,True,42208,0,0,0,528854,0.0,0,4,99203,,2.3503364291129643
case_007,2,2,4,capls,0.03,0,0.145,0.758,True,254398,82944,82944,0,1815552,,,4,1012562,,3.980227831979811
case_007,2,2,4,capls,0.06,0,0.116,0.758,True,254398,82944,82944,0,1815552,,,4,1012562,,3.980227831979811
case_007,2,2,4,capls,0.12,0,0.126,0.758,True,254398,82944,82944,0,1815552,,,4,1012562,,3.980227831979811
case_007,2,2,4,capls,0.25,0,0.129,0.758,True,254398,82944,82944,0,1815552,,,4,1012562,,3.980227831979811
case_007,2,2,4,capls,0.5,0,0.136,0.758,True,254398,82944,82944,0,1815552,,,4,1012562,,3.980227831979811
case_007,2,2,4,capls,1.0,0,0.144,0.758,True,254398,82944,82944,0,1815552,,,4,1012562,,3.980227831979811
case_007,2,2,4,capls,2.0,0,0.137,0.758,True,254398,82944,82944,0,1815552,,,4,1012562,,3.980227831979811
case_029,3,3,4,capls,0.03,0,0.041,0.197,True,11111,492164,492164,0,922328,0.6173945044160942,463036,12,37555,,3.3799837998379982
case_029,3,3,4,capls,0.06,0,0.038,0.253,True,10970,490010,490010,0,920174,0.638307772533394,477384,12,37555,,3.4234275296262533
case_029,3,3,4,capls,0.12,0,0.053,0.211,True,11133,381424,381424,0,811588,0.5800772084816708,370848,8,37555,,3.373304589957783
case_029,3,3,4,capls,0.25,0,0.02,0.152,True,11028,0,0,0,430164,0.0,0,4,37555,,3.405422560754443
case_029,3,3,4,capls,0.5,0,0.03,0.152,True,11028,0,0,0,430164,0.0,0,4,37555,,3.405422560754443
case_029,3,3,4,capls,1.0,0,0.03,0.152,True,11028,0,0,0,430164,0.0,0,4,37555,,3.405422560754443
case_029,3,3,4,capls,2.0,0,0.019,0.152,True,11028,0,0,0,430164,0.0,0,4,37555,,3.405422560754443
case_018,3,3,4,capls,0.03,0,0.148,0.842,True,277776,8604168,8489480,114688,10197016,0.4462332254493418,3460096,11,1004367,,3.615744340763781
case_018,3,3,4,capls,0.06,0,0.133,0.659,True,272199,5298952,3926792,1372160,6891800,0.5772377203491357,3912448,9,1004367,,3.6898261933364926
case_018,3,3,4,capls,0.12,0,0.12,0.664,True,267146,4898560,3690240,1208320,6491408,0.6063634890303052,3936000,4,1004367,,3.7596183360409663
case_018,3,3,4,capls,0.25,0,0.128,0.664,True,267146,4898560,3690240,1208320,6491408,0.6063634890303052,3936000,4,1004367,,3.7596183360409663
case_018,3,3,4,capls,0.5,0,0.096,0.664,True,267146,4898560,3690240,1208320,6491408,0.6063634890303052,3936000,4,1004367,,3.7596183360409663
case_018,3,3,4,capls,1.0,0,0.077,0.521,True,285877,3290112,2245632,1044480,4882960,0.5731639082246983,2798592,4,1004367,,3.5132836849414257
case_018,3,3,4,capls,2.0,0,0.078,0.521,True,285877,3290112,2245632,1044480,4882960,0.5731639082246983,2798592,4,1004367,,3.5132836849414257
case_029,2,2,4,capls,0.03,0,0.084,0.206,True,13376,159964,159964,0,590128,,,10,37555,,2.8076405502392343
case_029,2,2,4,capls,0.06,0,0.095,0.147,True,12421,143528,143528,0,573692,,,8,37555,,3.023508574188874
case_029,2,2,4,capls,0.12,0,0.084,0.176,True,13791,157872,157872,0,588036,,,8,37555,,2.723152780799072
case_029,2,2,4,capls,0.25,0,0.018,0.192,True,11028,0,0,0,430164,,,4,37555,,3.405422560754443
case_029,2,2,4,capls,0.5,0,0.018,0.192,True,11028,0,0,0,430164,,,4,37555,,3.405422560754443
case_029,2,2,4,capls,1.0,0,0.018,0.192,True,11028,0,0,0,430164,,,4,37555,,3.405422560754443
case_029,2,2,4,capls,2.0,0,0.018,0.192,True,11028,0,0,0,430164,,,4,37555,,3.405422560754443
case_018,2,2,4,capls,0.03,0,0.172,0.755,True,278138,8604168,8489480,114688,10197016,,,11,1004367,,3.611038405395883
case_018,2,2,4,capls,0.06,0,0.136,0.647,True,272605,5298952,3926792,1372160,6891800,,,9,1004367,,3.6843308083123936
case_018,2,2,4,capls,0.12,0,0.106,0.575,True,268597,4898560,3690240,1208320,6491408,,,4,1004367,,3.739308331813088
case_018,2,2,4,capls,0.25,0,0.131,0.575,True,268597,4898560,3690240,1208320,6491408,,,4,1004367,,3.739308331813088
case_018,2,2,4,capls,0.5,0,0.13,0.575,True,268597,4898560,3690240,1208320,6491408,,,4,1004367,,3.739308331813088
case_018,2,2,4,capls,1.0,0,0.077,0.48,True,286549,3290112,2245632,1044480,4882960,,,4,1004367,,3.505044512456857
case_018,2,2,4,capls,2.0,0,0.081,0.48,True,286549,3290112,2245632,1044480,4882960,,,4,1004367,,3.505044512456857
case_027,2,2,4,capls,0.03,0,0.083,0.437,True,754544,17571840,15507456,2064384,19611648,,,9,2363952,,3.1329544731652494
case_027,2,2,4,capls,0.06,0,0.082,0.459,True,680272,15704064,13049856,2654208,17743872,,,8,2363952,,3.4750099960015994
case_027,2,2,4,capls,0.12,0,0.058,0.387,True,643192,13271040,11673600,1597440,15310848,,,8,2363952,,3.6753442206992624
case_027,2,2,4,capls,0.25,0,0.071,0.685,True,559196,3317760,3317760,0,5357568,,,4,2363952,,4.227412213249022
case_027,2,2,4,capls,0.5,0,0.074,0.685,True,559196,3317760,3317760,0,5357568,,,4,2363952,,4.227412213249022
case_027,2,2,4,capls,1.0,0,0.068,0.685,True,559196,3317760,3317760,0,5357568,,,4,2363952,,4.227412213249022
case_027,2,2,4,capls,2.0,0,0.049,0.685,True,559196,3317760,3317760,0,5357568,,,4,2363952,,4.227412213249022
case_027,3,3,4,capls,0.03,0,0.086,0.449,True,754385,17571840,15507456,2064384,19611648,0.22,2703360,9,2363952,,3.1336147988096266
case_027,3,3,4,capls,0.06,0,0.078,0.478,True,680272,15704064,13049856,2654208,17743872,0.001893939393939394,18432,8,2363952,,3.4750099960015994
case_027,3,3,4,capls,0.12,0,0.076,0.334,True,643192,13271040,11673600,1597440,15310848,0.1334214002642008,1241088,8,2363952,,3.6753442206992624
case_027,3,3,4,capls,0.25,0,0.076,0.362,True,559196,3317760,3317760,0,5357568,0.0,0,4,2363952,,4.227412213249022
case_027,3,3,4,capls,0.5,0,0.053,0.362,True,559196,3317760,3317760,0,5357568,0.0,0,4,2363952,,4.227412213249022
case_027,3,3,4,capls,1.0,0,0.05,0.362,True,559196,3317760,3317760,0,5357568,0.0,0,4,2363952,,4.227412213249022
case_027,3,3,4,capls,2.0,0,0.05,0.362,True,559196,3317760,3317760,0,5357568,0.0,0,4,2363952,,4.227412213249022
case_032,2,2,4,capls,0.03,0,0.103,0.141,True,16788,235250,235250,0,528338,,,24,41443,,2.468608529902311
case_032,2,2,4,capls,0.06,0,0.094,0.129,True,14946,219318,219318,0,512406,,,14,41443,,2.772848922788706
case_032,2,2,4,capls,0.12,0,0.065,0.147,True,13363,218346,218346,0,511434,,,15,41443,,3.1013245528698645
case_032,2,2,4,capls,0.25,0,0.061,0.139,True,15362,222330,222330,0,515418,,,12,41443,,2.6977607082411144
case_032,2,2,4,capls,0.5,0,0.048,0.145,True,16180,225520,225520,0,518608,,,9,41443,,2.561372064276885
case_032,2,2,4,capls,1.0,0,0.022,0.124,True,14266,12288,12288,0,305376,,,4,41443,,2.905018926118043
case_032,2,2,4,capls,2.0,0,0.026,0.083,True,11276,0,0,0,293088,,,4,41443,,3.675328130542746
case_032,3,3,4,capls,0.03,0,0.123,0.119,True,17486,450252,450252,0,743340,0.3516621367342672,218660,23,41443,,2.3700674825574746
case_032,3,3,4,capls,0.06,0,0.1,0.162,True,13779,405836,405836,0,698924,0.4284615212720789,268432,13,41443,,3.0076928659554394
case_032,3,3,4,capls,0.12,0,0.031,0.192,True,13985,316832,316832,0,609920,0.4329806920149436,248020,20,41443,,2.963389345727565
case_032,3,3,4,capls,0.25,0,0.076,0.142,True,15048,288074,288074,0,581162,0.47982396241862196,268426,16,41443,,2.7540536948431686
case_032,3,3,4,capls,0.5,0,0.058,0.167,True,16104,225592,225592,0,518680,0.44677646909627,225472,9,41443,,2.57346000993542
case_032,3,3,4,capls,1.0,0,0.03,0.134,True,14266,12288,12288,0,305376,0.04216247375138963,12288,4,41443,,2.905018926118043
case_032,3,3,4,capls,2.0,0,0.02,0.113,True,11276,0,0,0,293088,0.0,0,4,41443,,3.675328130542746
case_026,1,1,4,capls,0.03,0,0.091,0.092,True,68070,1096194,1096194,0,1625048,,,19,99203,,1.4573674158954018
case_026,1,1,4,capls,0.06,0,0.072,0.115,True,60779,943738,943738,0,1472592,,,15,99203,,1.6321920400138206
case_026,1,1,4,capls,0.12,0,0.064,0.117,True,68256,981332,981332,0,1510186,,,15,99203,,1.4533960384435067
case_026,1,1,4,capls,0.25,0,0.064,0.083,True,59416,1183608,1183608,0,1712462,,,13,99203,,1.6696344419011715
case_026,1,1,4,capls,0.5,0,0.043,0.154,True,53680,730400,730400,0,1259254,,,8,99203,,1.8480439642324888
case_026,1,1,4,capls,1.0,0,0.017,0.078,True,54169,657824,657824,0,1186678,,,8,99203,,1.8313611105983127
case_026,1,1,4,capls,2.0,0,0.014,0.089,True,42208,0,0,0,528854,,,4,99203,,2.3503364291129643
case_029,1,1,4,capls,0.03,0,0.123,0.186,True,17134,254200,254200,0,684364,,,10,37555,,2.191840784405276
case_029,1,1,4,capls,0.06,0,0.1,0.154,True,13351,143508,143508,0,573672,,,8,37555,,2.8128979102688936
case_029,1,1,4,capls,0.12,0,0.084,0.234,True,15208,157848,157848,0,588012,,,8,37555,,2.4694239873750656
case_029,1,1,4,capls,0.25,0,0.028,0.198,True,11028,0,0,0,430164,,,4,37555,,3.405422560754443
case_029,1,1,4,capls,0.5,0,0.021,0.198,True,11028,0,0,0,430164,,,4,37555,,3.405422560754443
case_029,1,1,4,capls,1.0,0,0.026,0.198,True,11028,0,0,0,430164,,,4,37555,,3.405422560754443
case_029,1,1,4,capls,2.0,0,0.028,0.198,True,11028,0,0,0,430164,,,4,37555,,3.405422560754443
case_032,1,1,4,capls,0.03,0,0.094,0.165,True,23691,333628,333628,0,626716,,,24,41443,,1.7493140855177072
case_032,1,1,4,capls,0.06,0,0.1,0.169,True,20044,295104,295104,0,588192,,,14,41443,,2.0676012771901817
case_032,1,1,4,capls,0.12,0,0.073,0.15,True,21610,264446,264446,0,557534,,,11,41443,,1.9177695511337345
case_032,1,1,4,capls,0.25,0,0.069,0.152,True,17874,312462,312462,0,605550,,,12,41443,,2.3186192234530605
case_032,1,1,4,capls,0.5,0,0.051,0.256,True,20511,225492,225492,0,518580,,,9,41443,,2.0205255716444834
case_032,1,1,4,capls,1.0,0,0.02,0.119,True,14266,12288,12288,0,305376,,,4,41443,,2.905018926118043
case_032,1,1,4,capls,2.0,0,0.017,0.121,True,11276,0,0,0,293088,,,4,41443,,3.675328130542746
case_027,1,1,4,capls,0.03,0,0.09,0.494,True,768664,19341312,19341312,0,21381120,,,9,2363952,,3.075403557341049
case_027,1,1,4,capls,0.06,0,0.083,0.367,True,702056,16687104,16687104,0,18726912,,,8,2363952,,3.3671843841516917
case_027,1,1,4,capls,0.12,0,0.064,0.446,True,664336,13737984,13737984,0,15777792,,,8,2363952,,3.5583680547192986
case_027,1,1,4,capls,0.25,0,0.075,0.828,True,559196,3317760,3317760,0,5357568,,,4,2363952,,4.227412213249022
case_027,1,1,4,capls,0.5,0,0.049,0.828,True,559196,3317760,3317760,0,5357568,,,4,2363952,,4.227412213249022
case_027,1,1,4,capls,1.0,0,0.053,0.828,True,559196,3317760,3317760,0,5357568,,,4,2363952,,4.227412213249022
case_027,1,1,4,capls,2.0,0,0.055,0.828,True,559196,3317760,3317760,0,5357568,,,4,2363952,,4.227412213249022
case_042,2,2,4,capls,0.03,0,0.41,1.794,True,482150,15863904,15152096,711808,18252868,,,8,1686740,,3.498371875972208
case_042,2,2,4,capls,0.06,0,0.197,1.884,True,440786,8597472,6020064,2577408,10986436,,,7,1686740,,3.8266641862491095
case_042,2,2,4,capls,0.12,0,0.198,1.865,True,434592,8503584,5926176,2577408,10892548,,,4,1686740,,3.8812035196230026
case_042,2,2,4,capls,0.25,0,0.163,1.865,True,434592,8503584,5926176,2577408,10892548,,,4,1686740,,3.8812035196230026
case_042,2,2,4,capls,0.5,0,0.158,1.865,True,434592,8503584,5926176,2577408,10892548,,,4,1686740,,3.8812035196230026
case_042,2,2,4,capls,1.0,0,0.125,1.414,True,498756,7065600,3741696,3323904,9454564,,,4,1686740,,3.381894152651798
case_042,2,2,4,capls,2.0,0,0.149,1.414,True,498756,7065600,3741696,3323904,9454564,,,4,1686740,,3.381894152651798
case_042,3,3,4,capls,0.03,0,0.413,1.878,True,480647,15863904,15152096,711808,18252868,0.4358307643550664,5808864,8,1686740,,3.5093114073322003
case_042,3,3,4,capls,0.06,0,0.232,1.994,True,440674,8597472,6020064,2577408,10986436,0.4483173922216752,4895712,7,1686740,,3.8276367564231153
case_042,3,3,4,capls,0.12,0,0.179,1.962,True,434480,8503584,5926176,2577408,10892548,0.4511686659717683,4903200,4,1686740,,3.8822040139937397
case_042,3,3,4,capls,0.25,0,0.221,1.962,True,434480,8503584,5926176,2577408,10892548,0.4511686659717683,4903200,4,1686740,,3.8822040139937397
case_042,3,3,4,capls,0.5,0,0.208,1.962,True,434480,8503584,5926176,2577408,10892548,0.4511686659717683,4903200,4,1686740,,3.8822040139937397
case_042,3,3,4,capls,1.0,0,0.165,1.477,True,485118,7065600,3741696,3323904,9454564,0.4596699481812536,4334592,4,1686740,,3.476968490140543
case_042,3,3,4,capls,2.0,0,0.185,1.477,True,485118,7065600,3741696,3323904,9454564,0.4596699481812536,4334592,4,1686740,,3.476968490140543
case_040,3,3,4,capls,0.03,0,0.389,0.905,True,133171,2789254,2789254,0,3700492,0.3448127172632605,906814,167,253454,,1.9032221729956222
case_040,3,3,4,capls,0.06,0,0.397,0.916,True,138976,2737466,2737466,0,3648704,0.31809196343378715,817434,172,253454,,1.823724959705273
case_040,3,3,4,capls,0.12,0,0.402,0.73,True,130237,2905522,2905522,0,3816760,0.3571511941757488,979180,201,253454,,1.946098267005536
case_040,3,3,4,capls,0.25,0,0.42,0.963,True,135266,2878370,2878370,0,3789608,0.3802432689150523,1037620,188,253454,,1.873745065278784
case_040,3,3,4,capls,0.5,0,0.269,0.578,True,153005,1506270,1506270,0,2417508,0.46503299250897434,994128,40,253454,,1.6565079572562988
case_040,3,3,4,capls,1.0,0,0.265,0.578,True,153005,1506270,1506270,0,2417508,0.46503299250897434,994128,40,253454,,1.6565079572562988
case_040,3,3,4,capls,2.0,0,0.093,0.677,True,110202,0,0,0,911238,0.0,0,4,253454,,2.2999038129979494
case_057,2,2,4,capls,0.03,0,0.139,0.16,True,20986,374736,374736,0,717196,,,13,59726,,2.8459925664728867
case_057,2,2,4,capls,0.06,0,0.075,0.125,True,20571,378832,378832,0,721292,,,13,59726,,2.9034077098828446
case_057,2,2,4,capls,0.12,0,0.102,0.13,True,20999,365516,365516,0,707976,,,12,59726,,2.844230677651317
case_057,2,2,4,capls,0.25,0,0.072,0.19,True,19481,361304,361304,0,703764,,,12,59726,,3.065859042143627
case_057,2,2,4,capls,0.5,0,0.101,0.175,True,23123,367904,367904,0,710364,,,12,59726,,2.582969337888682
case_057,2,2,4,capls,1.0,0,0.027,0.076,True,21080,0,0,0,342460,,,4,59726,,2.8333017077798863
case_057,2,2,4,capls,2.0,0,0.035,0.076,True,21080,0,0,0,342460,,,4,59726,,2.8333017077798863
case_040,2,2,4,capls,0.03,0,0.515,0.829,True,146432,1922948,1922948,0,2834186,,,147,253454,,1.7308648382867133
case_040,2,2,4,capls,0.06,0,0.516,0.904,True,147588,2043052,2043052,0,2954290,,,151,253454,,1.7173076401875491
case_040,2,2,4,capls,0.12,0,0.46,0.946,True,149559,2012826,2012826,0,2924064,,,158,253454,,1.6946756798320395
case_040,2,2,4,capls,0.25,0,0.441,0.805,True,145975,2175246,2175246,0,3086484,,,174,253454,,1.7362836102072272
case_040,2,2,4,capls,0.5,0,0.261,0.572,True,153125,1506270,1506270,0,2417508,,,40,253454,,1.6552097959183674
case_040,2,2,4,capls,1.0,0,0.288,0.572,True,153125,1506270,1506270,0,2417508,,,40,253454,,1.6552097959183674
case_040,2,2,4,capls,2.0,0,0.111,0.676,True,110202,0,0,0,911238,,,4,253454,,2.2999038129979494
case_040,1,1,4,capls,0.03,0,0.56,1.089,True,181228,2822642,2822642,0,3733880,,,147,253454,,1.398536649965789
case_040,1,1,4,capls,0.06,0,0.525,1.074,True,188078,3028024,3028024,0,3939262,,,151,253454,,1.347600463637427
case_040,1,1,4,capls,0.12,0,0.553,1.082,True,184378,2964064,2964064,0,3875302,,,158,253454,,1.3746433956328845
case_040,1,1,4,capls,0.25,0,0.45,1.294,True,196716,2978422,2978422,0,3889660,,,174,253454,,1.2884259541674292
case_040,1,1,4,capls,0.5,0,0.267,0.817,True,181189,1556318,1556318,0,2467556,,,40,253454,,1.3988376777839715
case_040,1,1,4,capls,1.0,0,0.287,0.817,True,181189,1556318,1556318,0,2467556,,,40,253454,,1.3988376777839715
case_040,1,1,4,capls,2.0,0,0.11,1.601,True,110202,0,0,0,911238,,,4,253454,,2.2999038129979494
case_035,3,3,4,capls,0.03,0,0.498,1.038,True,104479,2226916,2226916,0,2637770,0.37251414251545545,652574,245,169571,,1.6230151513701319
case_035,3,3,4,capls,0.06,0,0.524,1.194,True,114726,2058554,2058554,0,2469408,0.38639352458491993,652274,263,169571,,1.478052054460192
case_035,3,3,4,capls,0.12,0,0.308,1.13,True,123189,2260022,2260022,0,2670876,0.43154936648077613,790866,269,169571,,1.3765108897710023
case_035,3,3,4,capls,0.25,0,0.377,1.606,True,90552,1001338,1001338,0,1412192,0.507789986049306,598398,56,169571,,1.8726367170244722
case_035,3,3,4,capls,0.5,0,0.392,1.606,True,90552,1001338,1001338,0,1412192,0.507789986049306,598398,56,169571,,1.8726367170244722
case_035,3,3,4,capls,1.0,0,0.405,1.606,True,90552,1001338,1001338,0,1412192,0.507789986049306,598398,56,169571,,1.8726367170244722
case_035,3,3,4,capls,2.0,0,0.436,1.606,True,90552,1001338,1001338,0,1412192,0.507789986049306,598398,56,169571,,1.8726367170244722
case_057,3,3,4,capls,0.03,0,0.161,0.135,True,23571,898042,898042,0,1240502,0.4422064497689706,464162,20,59726,,2.5338763735098215
case_057,3,3,4,capls,0.06,0,0.122,0.225,True,18664,515726,515726,0,858186,0.5590107572445275,464368,14,59726,,3.2000642948992715
case_057,3,3,4,capls,0.12,0,0.121,0.129,True,19427,554632,554632,0,897092,0.5733456975491056,503284,12,59726,,3.074381016111597
case_057,3,3,4,capls,0.25,0,0.113,0.119,True,18735,524958,524958,0,867418,0.5478835985078184,464396,12,59726,,3.1879370162796903
case_057,3,3,4,capls,0.5,0,0.082,0.196,True,21384,543850,543850,0,886310,0.5405553698431178,468948,12,59726,,2.7930228208005987
case_057,3,3,4,capls,1.0,0,0.027,0.126,True,21080,0,0,0,342460,0.0,0,4,59726,,2.8333017077798863
case_057,3,3,4,capls,2.0,0,0.026,0.126,True,21080,0,0,0,342460,0.0,0,4,59726,,2.8333017077798863
case_009,3,3,4,capls,0.03,0,0.776,1.074,True,96891,1853564,1853564,0,2348896,0.3583852408695716,590778,317,153261,,1.5817877821469486
case_009,3,3,4,capls,0.06,0,0.837,1.628,True,99407,1672962,1672962,0,2168294,0.3592251925226361,560512,325,153261,,1.5417525928757532
case_009,3,3,4,capls,0.12,0,0.884,1.737,True,100305,1621742,1621742,0,2117074,0.36669043678245605,557412,326,153261,,1.5279497532525796
case_009,3,3,4,capls,0.25,0,0.498,1.125,True,87403,627610,627610,0,1122942,0.340305598781578,328904,61,153261,,1.7534981636785922
case_009,3,3,4,capls,0.5,0,0.531,1.125,True,87403,627610,627610,0,1122942,0.340305598781578,328904,61,153261,,1.7534981636785922
case_009,3,3,4,capls,1.0,0,0.588,1.125,True,87403,627610,627610,0,1122942,0.340305598781578,328904,61,153261,,1.7534981636785922
case_009,3,3,4,capls,2.0,0,0.209,1.036,True,92318,57574,57574,0,552906,0.05240484686292001,28198,5,153261,,1.66014211746355
case_035,2,2,4,capls,0.03,0,0.524,1.014,True,110138,1746734,1746734,0,2157588,,,211,169571,,1.5396230183951043
case_035,2,2,4,capls,0.06,0,0.645,1.224,True,133399,1731246,1731246,0,2142100,,,247,169571,,1.271156455445693
case_035,2,2,4,capls,0.12,0,0.423,1.02,True,118819,1743006,1743006,0,2153860,,,248,169571,,1.4271370740369806
case_035,2,2,4,capls,0.25,0,0.384,1.098,True,90622,1001338,1001338,0,1412192,,,56,169571,,1.8711902187106884
case_035,2,2,4,capls,0.5,0,0.394,1.098,True,90622,1001338,1001338,0,1412192,,,56,169571,,1.8711902187106884
case_035,2,2,4,capls,1.0,0,0.441,1.098,True,90622,1001338,1001338,0,1412192,,,56,169571,,1.8711902187106884
case_035,2,2,4,capls,2.0,0,0.404,1.098,True,90622,1001338,1001338,0,1412192,,,56,169571,,1.8711902187106884
case_057,1,1,4,capls,0.03,0,0.142,0.191,True,24032,486472,486472,0,828932,,,13,59726,,2.485269640479361
case_057,1,1,4,capls,0.06,0,0.074,0.201,True,24488,466358,466358,0,808818,,,13,59726,,2.4389905259719047
case_057,1,1,4,capls,0.12,0,0.101,0.215,True,21602,450992,450992,0,793452,,,12,59726,,2.764836589204703
case_057,1,1,4,capls,0.25,0,0.085,0.211,True,24213,520388,520388,0,862848,,,12,59726,,2.466691446743485
case_057,1,1,4,capls,0.5,0,0.103,0.19,True,30017,517516,517516,0,859976,,,12,59726,,1.9897391478162374
case_057,1,1,4,capls,1.0,0,0.026,0.203,True,21080,0,0,0,342460,,,4,59726,,2.8333017077798863
case_057,1,1,4,capls,2.0,0,0.027,0.203,True,21080,0,0,0,342460,,,4,59726,,2.8333017077798863
case_018,1,1,4,capls,0.03,0,0.151,1.699,True,301981,9184272,9069584,114688,10777120,,,11,1004367,,3.3259277901589837
case_018,1,1,4,capls,0.06,0,0.132,2.117,True,273293,5160712,3952392,1208320,6753560,,,9,1004367,,3.6750557094400516
case_018,1,1,4,capls,0.12,0,0.119,2.289,True,268597,4898560,3690240,1208320,6491408,,,4,1004367,,3.739308331813088
case_018,1,1,4,capls,0.25,0,0.134,2.289,True,268597,4898560,3690240,1208320,6491408,,,4,1004367,,3.739308331813088
case_018,1,1,4,capls,0.5,0,0.12,2.289,True,268597,4898560,3690240,1208320,6491408,,,4,1004367,,3.739308331813088
case_018,1,1,4,capls,1.0,0,0.087,1.58,True,286549,3290112,2245632,1044480,4882960,,,4,1004367,,3.505044512456857
case_018,1,1,4,capls,2.0,0,0.114,1.58,True,286549,3290112,2245632,1044480,4882960,,,4,1004367,,3.505044512456857
case_009,2,2,4,capls,0.03,0,0.68,1.094,True,97755,1299598,1299598,0,1794930,,,313,153261,,1.567807273285254
case_009,2,2,4,capls,0.06,0,0.991,1.566,True,96471,1306862,1306862,0,1802194,,,291,153261,,1.5886743166340143
case_009,2,2,4,capls,0.12,0,1.01,1.626,True,101161,1295846,1295846,0,1791178,,,296,153261,,1.5150206107096609
case_009,2,2,4,capls,0.25,0,0.473,1.051,True,87428,627610,627610,0,1122942,,,61,153261,,1.7529967516127556
case_009,2,2,4,capls,0.5,0,0.522,1.051,True,87428,627610,627610,0,1122942,,,61,153261,,1.7529967516127556
case_009,2,2,4,capls,1.0,0,0.572,1.051,True,87428,627610,627610,0,1122942,,,61,153261,,1.7529967516127556
case_009,2,2,4,capls,2.0,0,0.216,1.039,True,92318,57574,57574,0,552906,,,5,153261,,1.66014211746355
case_009,1,1,4,capls,0.03,0,0.743,2.31,True,150602,1581016,1581016,0,2076348,,,313,153261,,1.0176558080237978
case_009,1,1,4,capls,0.06,0,0.997,2.768,True,147244,1611902,1611902,0,2107234,,,291,153261,,1.0408641438700388
case_009,1,1,4,capls,0.12,0,1.01,2.756,True,149312,1572946,1572946,0,2068278,,,296,153261,,1.026447974710673
case_009,1,1,4,capls,0.25,0,0.505,1.301,True,103309,660008,660008,0,1155340,,,61,153261,,1.4835203128478642
case_009,1,1,4,capls,0.5,0,0.55,1.301,True,103309,660008,660008,0,1155340,,,61,153261,,1.4835203128478642
case_009,1,1,4,capls,1.0,0,0.539,1.301,True,103309,660008,660008,0,1155340,,,61,153261,,1.4835203128478642
case_009,1,1,4,capls,2.0,0,0.214,3.077,True,92879,60390,60390,0,555722,,,5,153261,,1.6501146653172407
case_064,2,2,4,capls,0.03,0,0.197,0.218,True,23457,199250,199250,0,236664,,,85,19116,,0.8149379716076225
case_064,2,2,4,capls,0.06,0,0.197,0.185,True,23272,193362,193362,0,230776,,,92,19116,,0.8214162942591956
case_064,2,2,4,capls,0.12,0,0.187,0.55,True,22277,198834,198834,0,236248,,,86,19116,,0.8581047717376666
case_064,2,2,4,capls,0.25,0,0.181,0.55,True,22277,198834,198834,0,236248,,,86,19116,,0.8581047717376666
case_064,2,2,4,capls,0.5,0,0.094,0.135,True,14434,104370,104370,0,141784,,,25,19116,,1.324373008175142
case_064,2,2,4,capls,1.0,0,0.079,0.135,True,14434,104370,104370,0,141784,,,25,19116,,1.324373008175142
case_064,2,2,4,capls,2.0,0,0.087,0.135,True,14434,104370,104370,0,141784,,,25,19116,,1.324373008175142
case_064,3,3,4,capls,0.03,0,0.212,0.195,True,25152,230258,230258,0,267672,0.19770004667323549,30498,107,19116,,0.7600190839694656
case_064,3,3,4,capls,0.06,0,0.206,0.21,True,25131,233394,233394,0,270808,0.20329364073980238,32096,105,19116,,0.7606541721379969
case_064,3,3,4,capls,0.12,0,0.198,0.188,True,24764,250322,250322,0,287736,0.30298200878311377,51330,96,19116,,0.7719269907930867
case_064,3,3,4,capls,0.25,0,0.201,0.188,True,24764,250322,250322,0,287736,0.30298200878311377,51330,96,19116,,0.7719269907930867
case_064,3,3,4,capls,0.5,0,0.089,0.112,True,14411,104370,104370,0,141784,0.25599336374948156,24688,25,19116,,1.326486711539796
case_064,3,3,4,capls,1.0,0,0.087,0.112,True,14411,104370,104370,0,141784,0.25599336374948156,24688,25,19116,,1.326486711539796
case_064,3,3,4,capls,2.0,0,0.085,0.112,True,14411,104370,104370,0,141784,0.25599336374948156,24688,25,19116,,1.326486711539796
case_064,1,1,4,capls,0.03,0,0.205,0.247,True,38431,236192,236192,0,273606,,,85,19116,,0.49741094428976607
case_064,1,1,4,capls,0.06,0,0.192,0.325,True,39636,244970,244970,0,282384,,,92,19116,,0.4822888283378747
case_064,1,1,4,capls,0.12,0,0.189,0.307,True,38171,230382,230382,0,267796,,,86,19116,,0.5007990359173194
case_064,1,1,4,capls,0.25,0,0.192,0.307,True,38171,230382,230382,0,267796,,,86,19116,,0.5007990359173194
case_064,1,1,4,capls,0.5,0,0.082,0.193,True,19246,102756,102756,0,140170,,,25,19116,,0.993245349683051
case_064,1,1,4,capls,1.0,0,0.089,0.193,True,19246,102756,102756,0,140170,,,25,19116,,0.993245349683051
case_064,1,1,4,capls,2.0,0,0.085,0.193,True,19246,102756,102756,0,140170,,,25,19116,,0.993245349683051
case_073,1,1,4,capls,0.03,0,0.348,2.23,True,5600922,113277312,21166464,92110848,117318400,,,77,10081626,,1.7999940009876945
case_073,1,1,4,capls,0.06,0,0.292,2.23,True,5600922,113277312,21166464,92110848,117318400,,,77,10081626,,1.7999940009876945
case_073,1,1,4,capls,0.12,0,0.185,3.405,True,3903787,140222208,11164800,129057408,144263296,,,4,10081626,,2.5825246100773427
case_073,1,1,4,capls,0.25,0,0.177,3.405,True,3903787,140222208,11164800,129057408,144263296,,,4,10081626,,2.5825246100773427
case_073,1,1,4,capls,0.5,0,0.175,3.405,True,3903787,140222208,11164800,129057408,144263296,,,4,10081626,,2.5825246100773427
case_073,1,1,4,capls,1.0,0,0.171,3.405,True,3903787,140222208,11164800,129057408,144263296,,,4,10081626,,2.5825246100773427
case_073,1,1,4,capls,2.0,0,0.185,3.405,True,3903787,140222208,11164800,129057408,144263296,,,4,10081626,,2.5825246100773427
case_073,2,2,4,capls,0.03,0,0.337,1.768,True,3817036,115612288,13346944,102265344,119653376,,,77,10081626,,2.641218474229743
case_073,2,2,4,capls,0.06,0,0.291,1.768,True,3817036,115612288,13346944,102265344,119653376,,,77,10081626,,2.641218474229743
case_073,2,2,4,capls,0.12,0,0.176,0.994,True,3903787,140222208,11164800,129057408,144263296,,,4,10081626,,2.5825246100773427
case_073,2,2,4,capls,0.25,0,0.182,0.994,True,3903787,140222208,11164800,129057408,144263296,,,4,10081626,,2.5825246100773427
case_073,2,2,4,capls,0.5,0,0.174,0.994,True,3903787,140222208,11164800,129057408,144263296,,,4,10081626,,2.5825246100773427
case_073,2,2,4,capls,1.0,0,0.181,0.994,True,3903787,140222208,11164800,129057408,144263296,,,4,10081626,,2.5825246100773427
case_073,2,2,4,capls,2.0,0,0.175,0.994,True,3903787,140222208,11164800,129057408,144263296,,,4,10081626,,2.5825246100773427
case_043,3,3,4,capls,0.03,0,1.986,4.368,True,322789,9253112,9226228,26884,10684234,0.37770747480087363,2652138,154,677656,,2.099377612000409
case_043,3,3,4,capls,0.06,0,0.949,4.458,True,300681,9024124,8952150,71974,10455246,0.4344360539558198,3058422,170,677656,,2.253737349549855
case_043,3,3,4,capls,0.12,0,0.539,3.451,True,246249,3888126,3825012,63114,5319248,0.48395276807186954,2063442,49,677656,,2.751913713355181
case_043,3,3,4,capls,0.25,0,0.511,3.451,True,246249,3888126,3825012,63114,5319248,0.48395276807186954,2063442,49,677656,,2.751913713355181
case_043,3,3,4,capls,0.5,0,0.523,3.451,True,246249,3888126,3825012,63114,5319248,0.48395276807186954,2063442,49,677656,,2.751913713355181
case_043,3,3,4,capls,1.0,0,0.506,3.451,True,246249,3888126,3825012,63114,5319248,0.48395276807186954,2063442,49,677656,,2.751913713355181
case_043,3,3,4,capls,2.0,0,0.348,3.101,True,309933,616624,600240,16384,2047746,0.27812983013555154,569344,5,677656,,2.1864596541833237
case_043,2,2,4,capls,0.03,0,1.896,4.279,True,348035,7025048,7002002,23046,8456170,,,147,677656,,1.9470915281509045
case_043,2,2,4,capls,0.06,0,2.0,4.169,True,369302,6995674,6954930,40744,8426796,,,151,677656,,1.8349643381297691
case_043,2,2,4,capls,0.12,0,0.495,3.408,True,248309,3888126,3825012,63114,5319248,,,49,677656,,2.7290835209356086
case_043,2,2,4,capls,0.25,0,0.505,3.408,True,248309,3888126,3825012,63114,5319248,,,49,677656,,2.7290835209356086
case_043,2,2,4,capls,0.5,0,0.504,3.408,True,248309,3888126,3825012,63114,5319248,,,49,677656,,2.7290835209356086
case_043,2,2,4,capls,1.0,0,0.497,3.408,True,248309,3888126,3825012,63114,5319248,,,49,677656,,2.7290835209356086
case_043,2,2,4,capls,2.0,0,0.366,2.814,True,310158,616624,600240,16384,2047746,,,5,677656,,2.184873516078902
case_073,3,3,4,capls,0.03,0,0.296,1.969,True,3712368,115612288,13346944,102265344,119653376,0.19103211437353745,22528512,77,10081626,,2.7156860526758124
case_073,3,3,4,capls,0.06,0,0.304,1.969,True,3712368,115612288,13346944,102265344,119653376,0.19103211437353745,22528512,77,10081626,,2.7156860526758124
case_073,3,3,4,capls,0.12,0,0.181,1.016,True,3903787,140222208,11164800,129057408,144263296,0.0,0,4,10081626,,2.5825246100773427
case_073,3,3,4,capls,0.25,0,0.179,1.016,True,3903787,140222208,11164800,129057408,144263296,0.0,0,4,10081626,,2.5825246100773427
case_073,3,3,4,capls,0.5,0,0.189,1.016,True,3903787,140222208,11164800,129057408,144263296,0.0,0,4,10081626,,2.5825246100773427
case_073,3,3,4,capls,1.0,0,0.206,1.016,True,3903787,140222208,11164800,129057408,144263296,0.0,0,4,10081626,,2.5825246100773427
case_073,3,3,4,capls,2.0,0,0.181,1.016,True,3903787,140222208,11164800,129057408,144263296,0.0,0,4,10081626,,2.5825246100773427
case_035,1,1,4,capls,0.03,0,0.641,1.146,True,163625,2286914,2286914,0,2697768,,,211,169571,,1.036339190221543
case_035,1,1,4,capls,0.06,0,0.745,1.64,True,187948,2153420,2153420,0,2564274,,,247,169571,,0.9022229552855044
case_035,1,1,4,capls,0.12,0,0.612,1.476,True,172222,2151928,2151928,0,2562782,,,248,169571,,0.9846070769123573
case_035,1,1,4,capls,0.25,0,0.403,1.441,True,118022,981134,981134,0,1391988,,,56,169571,,1.436774499669553
case_035,1,1,4,capls,0.5,0,0.386,1.441,True,118022,981134,981134,0,1391988,,,56,169571,,1.436774499669553
case_035,1,1,4,capls,1.0,0,0.388,1.441,True,118022,981134,981134,0,1391988,,,56,169571,,1.436774499669553
case_035,1,1,4,capls,2.0,0,0.418,1.441,True,118022,981134,981134,0,1391988,,,56,169571,,1.436774499669553
case_058,1,1,4,capls,0.03,0,0.934,166.404,True,1154519,42622976,19869696,22753280,50290688,,,4,4539717,,3.9321284448328697
case_058,1,1,4,capls,0.06,0,0.885,166.404,True,1154519,42622976,19869696,22753280,50290688,,,4,4539717,,3.9321284448328697
case_058,1,1,4,capls,0.12,0,0.87,166.404,True,1154519,42622976,19869696,22753280,50290688,,,4,4539717,,3.9321284448328697
case_058,1,1,4,capls,0.25,0,0.645,50.444,True,1408677,28954624,6082560,22872064,36622336,,,4,4539717,,3.2226812817984536
case_058,1,1,4,capls,0.5,0,0.704,50.444,True,1408677,28954624,6082560,22872064,36622336,,,4,4539717,,3.2226812817984536
case_058,1,1,4,capls,1.0,0,0.652,50.444,True,1408677,28954624,6082560,22872064,36622336,,,4,4539717,,3.2226812817984536
case_058,1,1,4,capls,2.0,0,0.686,50.444,True,1408677,28954624,6082560,22872064,36622336,,,4,4539717,,3.2226812817984536
case_058,2,2,4,capls,0.03,0,0.845,7.612,True,1154519,42622976,19869696,22753280,50290688,,,4,4539717,,3.9321284448328697
case_058,2,2,4,capls,0.06,0,0.893,7.612,True,1154519,42622976,19869696,22753280,50290688,,,4,4539717,,3.9321284448328697
case_058,2,2,4,capls,0.12,0,0.878,7.612,True,1154519,42622976,19869696,22753280,50290688,,,4,4539717,,3.9321284448328697
case_058,2,2,4,capls,0.25,0,0.65,6.887,True,1408677,28954624,6082560,22872064,36622336,,,4,4539717,,3.2226812817984536
case_058,2,2,4,capls,0.5,0,0.694,6.887,True,1408677,28954624,6082560,22872064,36622336,,,4,4539717,,3.2226812817984536
case_058,2,2,4,capls,1.0,0,0.663,6.887,True,1408677,28954624,6082560,22872064,36622336,,,4,4539717,,3.2226812817984536
case_058,2,2,4,capls,2.0,0,0.738,6.887,True,1408677,28954624,6082560,22872064,36622336,,,4,4539717,,3.2226812817984536
case_066,3,3,4,capls,0.03,0,0.999,2.417,True,181988,4430012,4430012,0,5537046,0.38670750242085977,1447242,110,359070,,1.9730421786051828
case_066,3,3,4,capls,0.06,0,1.0,2.486,True,167347,4567804,4567804,0,5674838,0.3789100513664732,1454666,109,359070,,2.1456614101238745
case_066,3,3,4,capls,0.12,0,0.583,2.283,True,178983,4484762,4484762,0,5591796,0.4165433113095461,1579768,109,359070,,2.0061681835705065
case_066,3,3,4,capls,0.25,0,0.611,2.283,True,178983,4484762,4484762,0,5591796,0.4165433113095461,1579768,109,359070,,2.0061681835705065
case_066,3,3,4,capls,0.5,0,0.36,1.764,True,157012,1998906,1998906,0,3105940,0.3807225193729421,902138,40,359070,,2.2868952691514024
case_066,3,3,4,capls,1.0,0,0.343,1.764,True,157012,1998906,1998906,0,3105940,0.3807225193729421,902138,40,359070,,2.2868952691514024
case_066,3,3,4,capls,2.0,0,0.239,1.558,True,249179,198740,198740,0,1305774,0.04876671516663202,56308,6,359070,,1.4410122843417783
case_058,3,3,4,capls,0.03,0,0.961,8.576,True,1142629,42622976,19869696,22753280,50290688,0.2689844464775846,13246464,4,4539717,,3.973045494206781
case_058,3,3,4,capls,0.06,0,0.936,8.576,True,1142629,42622976,19869696,22753280,50290688,0.2689844464775846,13246464,4,4539717,,3.973045494206781
case_058,3,3,4,capls,0.12,0,0.92,8.576,True,1142629,42622976,19869696,22753280,50290688,0.2689844464775846,13246464,4,4539717,,3.973045494206781
case_058,3,3,4,capls,0.25,0,0.678,7.158,True,1399475,28954624,6082560,22872064,36622336,0.04720239465807046,1679360,4,4539717,,3.2438714517944227
case_058,3,3,4,capls,0.5,0,0.715,7.158,True,1399475,28954624,6082560,22872064,36622336,0.04720239465807046,1679360,4,4539717,,3.2438714517944227
case_058,3,3,4,capls,1.0,0,0.703,7.158,True,1399475,28954624,6082560,22872064,36622336,0.04720239465807046,1679360,4,4539717,,3.2438714517944227
case_058,3,3,4,capls,2.0,0,0.732,7.158,True,1399475,28954624,6082560,22872064,36622336,0.04720239465807046,1679360,4,4539717,,3.2438714517944227
case_066,2,2,4,capls,0.03,0,1.406,2.146,True,209612,3199816,3199816,0,4306850,,,107,359070,,1.713022155220121
case_066,2,2,4,capls,0.06,0,1.29,2.144,True,206627,2941708,2941708,0,4048742,,,91,359070,,1.7377690234093317
case_066,2,2,4,capls,0.12,0,1.315,2.576,True,207999,3143050,3143050,0,4250084,,,99,359070,,1.7263063764729638
case_066,2,2,4,capls,0.25,0,1.336,2.576,True,207999,3143050,3143050,0,4250084,,,99,359070,,1.7263063764729638
case_066,2,2,4,capls,0.5,0,0.383,1.537,True,157767,1998906,1998906,0,3105940,,,40,359070,,2.2759512445568464
case_066,2,2,4,capls,1.0,0,0.385,1.537,True,157767,1998906,1998906,0,3105940,,,40,359070,,2.2759512445568464
case_066,2,2,4,capls,2.0,0,0.238,1.546,True,249304,198740,198740,0,1305774,,,6,359070,,1.4402897667105221
case_083,1,1,4,capls,0.03,0,0.256,1.096,True,496808,9185632,9185632,0,10623936,,,77,1057993,,2.1295812466787973
case_083,1,1,4,capls,0.06,0,0.261,1.096,True,496808,9185632,9185632,0,10623936,,,77,1057993,,2.1295812466787973
case_083,1,1,4,capls,0.12,0,0.289,1.096,True,496808,9185632,9185632,0,10623936,,,77,1057993,,2.1295812466787973
case_083,1,1,4,capls,0.25,0,0.162,1.541,True,450029,14977600,2791200,12186400,16415904,,,4,1057993,,2.350944050272316
case_083,1,1,4,capls,0.5,0,0.198,1.541,True,450029,14977600,2791200,12186400,16415904,,,4,1057993,,2.350944050272316
case_083,1,1,4,capls,1.0,0,0.153,1.541,True,450029,14977600,2791200,12186400,16415904,,,4,1057993,,2.350944050272316
case_083,1,1,4,capls,2.0,0,0.138,1.541,True,450029,14977600,2791200,12186400,16415904,,,4,1057993,,2.350944050272316
case_083,2,2,4,capls,0.03,0,0.288,1.182,True,283545,7579936,7321888,258048,9018240,,,77,1057993,,3.73130543652683
case_083,2,2,4,capls,0.06,0,0.255,1.182,True,283545,7579936,7321888,258048,9018240,,,77,1057993,,3.73130543652683
case_083,2,2,4,capls,0.12,0,0.258,1.182,True,283545,7579936,7321888,258048,9018240,,,77,1057993,,3.73130543652683
case_083,2,2,4,capls,0.25,0,0.149,0.819,True,450029,14977600,2791200,12186400,16415904,,,4,1057993,,2.350944050272316
case_083,2,2,4,capls,0.5,0,0.159,0.819,True,450029,14977600,2791200,12186400,16415904,,,4,1057993,,2.350944050272316
case_083,2,2,4,capls,1.0,0,0.143,0.819,True,450029,14977600,2791200,12186400,16415904,,,4,1057993,,2.350944050272316
case_083,2,2,4,capls,2.0,0,0.144,0.819,True,450029,14977600,2791200,12186400,16415904,,,4,1057993,,2.350944050272316
case_077,2,2,4,capls,0.03,0,0.744,1.434,True,185621,4077762,4077762,0,6219122,,,89,495320,,2.6684480743019376
case_077,2,2,4,capls,0.06,0,0.776,1.585,True,180536,3705984,3705984,0,5847344,,,91,495320,,2.7436079230735144
case_077,2,2,4,capls,0.12,0,0.786,1.397,True,190160,2766914,2766914,0,4908274,,,113,495320,,2.6047538914598234
case_077,2,2,4,capls,0.25,0,0.284,1.01,True,159109,1311196,1311196,0,3452556,,,38,495320,,3.11308599764941
case_077,2,2,4,capls,0.5,0,0.29,1.01,True,159109,1311196,1311196,0,3452556,,,38,495320,,3.11308599764941
case_077,2,2,4,capls,1.0,0,0.151,1.05,True,145044,172032,172032,0,2313392,,,4,495320,,3.4149637351424396
case_077,2,2,4,capls,2.0,0,0.193,1.05,True,145044,172032,172032,0,2313392,,,4,495320,,3.4149637351424396
case_083,3,3,4,capls,0.03,0,0.29,1.869,True,270819,7579936,7321888,258048,9018240,0.4331645569620253,2737600,77,1057993,,3.906642443846259
case_083,3,3,4,capls,0.06,0,0.268,1.869,True,270819,7579936,7321888,258048,9018240,0.4331645569620253,2737600,77,1057993,,3.906642443846259
case_083,3,3,4,capls,0.12,0,0.29,1.869,True,270819,7579936,7321888,258048,9018240,0.4331645569620253,2737600,77,1057993,,3.906642443846259
case_083,3,3,4,capls,0.25,0,0.206,0.777,True,333151,14977600,2791200,12186400,16415904,0.6425764561777388,10324096,4,1057993,,3.1757161167158436
case_083,3,3,4,capls,0.5,0,0.152,0.777,True,333151,14977600,2791200,12186400,16415904,0.6425764561777388,10324096,4,1057993,,3.1757161167158436
case_083,3,3,4,capls,1.0,0,0.164,0.777,True,333151,14977600,2791200,12186400,16415904,0.6425764561777388,10324096,4,1057993,,3.1757161167158436
case_083,3,3,4,capls,2.0,0,0.156,0.777,True,333151,14977600,2791200,12186400,16415904,0.6425764561777388,10324096,4,1057993,,3.1757161167158436
case_077,3,3,4,capls,0.03,0,1.022,1.162,True,187753,5137088,5137088,0,7278448,0.17932876438957582,918386,87,495320,,2.638146927079727
case_077,3,3,4,capls,0.06,0,0.814,1.257,True,179436,3705984,3705984,0,5847344,0.2394536811413994,1059924,91,495320,,2.7604271160748124
case_077,3,3,4,capls,0.12,0,0.792,1.579,True,187574,2766914,2766914,0,4908274,0.2570757611254281,1013914,113,495320,,2.640664484416817
case_077,3,3,4,capls,0.25,0,0.314,2.035,True,157938,1311196,1311196,0,3452556,0.21066698051989363,662278,38,495320,,3.1361673568109003
case_077,3,3,4,capls,0.5,0,0.273,2.035,True,157938,1311196,1311196,0,3452556,0.21066698051989363,662278,38,495320,,3.1361673568109003
case_077,3,3,4,capls,1.0,0,0.15,0.768,True,145044,172032,172032,0,2313392,0.04957783107363878,114688,4,495320,,3.4149637351424396
case_077,3,3,4,capls,2.0,0,0.147,0.768,True,145044,172032,172032,0,2313392,0.04957783107363878,114688,4,495320,,3.4149637351424396
case_062,1,1,4,capls,0.03,0,1.686,54.669,True,738552,1122816,1122816,0,14524416,,,19,2854809,,3.8654136743248952
case_062,1,1,4,capls,0.06,0,1.553,39.297,True,738522,817152,817152,0,14218752,,,18,2854809,,3.865570693899437
case_062,1,1,4,capls,0.12,0,1.602,50.589,True,761526,382464,382464,0,13784064,,,15,2854809,,3.7488004349162076
case_062,1,1,4,capls,0.25,0,0.823,38.023,True,721333,344064,344064,0,13745664,,,13,2854809,,3.957685285436823
case_062,1,1,4,capls,0.5,0,0.887,50.442,True,719621,228864,228864,0,13630464,,,13,2854809,,3.9671007377494543
case_062,1,1,4,capls,1.0,0,0.895,39.89,True,718373,119808,119808,0,13521408,,,9,2854809,,3.97399261943308
case_062,1,1,4,capls,2.0,0,0.867,83.847,True,1430237,44544,44544,0,13446144,,,3,2854809,,1.9960391179923327
case_062,2,2,4,capls,0.03,0,1.688,5.349,True,735939,898560,898560,0,14300160,,,20,2854809,,3.8791380807376696
case_062,2,2,4,capls,0.06,0,1.598,5.408,True,733647,506880,506880,0,13908480,,,18,2854809,,3.8912569669064276
case_062,2,2,4,capls,0.12,0,1.63,5.362,True,759404,213504,213504,0,13615104,,,13,2854809,,3.7592756951504076
case_062,2,2,4,capls,0.25,0,0.877,4.79,True,718960,208896,208896,0,13610496,,,13,2854809,,3.9707480249248914
case_062,2,2,4,capls,0.5,0,0.885,4.362,True,717503,139776,139776,0,13541376,,,13,2854809,,3.978811238419909
case_062,2,2,4,capls,1.0,0,0.864,5.466,True,716795,89088,89088,0,13490688,,,9,2854809,,3.9827412300588034
case_062,2,2,4,capls,2.0,0,0.839,6.221,True,1429737,35328,35328,0,13436928,,,3,2854809,,1.9967371621494023
case_084,1,1,4,capls,0.03,0,0.251,18.116,True,629028,0,0,0,13236330,,,4,2507412,,3.986169137144928
case_084,1,1,4,capls,0.06,0,0.237,18.116,True,629028,0,0,0,13236330,,,4,2507412,,3.986169137144928
case_084,1,1,4,capls,0.12,0,0.279,18.116,True,629028,0,0,0,13236330,,,4,2507412,,3.986169137144928
case_084,1,1,4,capls,0.25,0,0.234,18.116,True,629028,0,0,0,13236330,,,4,2507412,,3.986169137144928
case_084,1,1,4,capls,0.5,0,0.23,18.116,True,629028,0,0,0,13236330,,,4,2507412,,3.986169137144928
case_084,1,1,4,capls,1.0,0,0.271,18.116,True,629028,0,0,0,13236330,,,4,2507412,,3.986169137144928
case_084,1,1,4,capls,2.0,0,0.239,18.116,True,629028,0,0,0,13236330,,,4,2507412,,3.986169137144928
case_062,3,3,4,capls,0.03,0,1.693,5.438,True,735898,898560,898560,0,14300160,0.012892561983471074,179712,20,2854809,,3.879354203979356
case_062,3,3,4,capls,0.06,0,1.576,5.35,True,733573,506880,506880,0,13908480,0.007397444519166106,101376,18,2854809,,3.8916495018219046
case_062,3,3,4,capls,0.12,0,1.72,5.391,True,759344,213504,213504,0,13615104,0.0023852794184461607,32256,13,2854809,,3.7595727364672666
case_062,3,3,4,capls,0.25,0,0.844,4.807,True,718754,208896,208896,0,13610496,0.0017043517782070218,23040,13,2854809,,3.971886069503613
case_062,3,3,4,capls,0.5,0,0.896,4.601,True,717324,139776,139776,0,13541376,0.0017090121909536288,23040,13,2854809,,3.979804105257875
case_062,3,3,4,capls,1.0,0,0.852,5.331,True,716754,89088,89088,0,13490688,0.0006852444038373687,9216,9,2854809,,3.9829690521434133
case_062,3,3,4,capls,2.0,0,0.836,6.352,True,1429696,35328,35328,0,13436928,0.00034336728854297816,4608,3,2854809,,1.996794423429876
case_084,2,2,4,capls,0.03,0,0.349,4.163,True,629028,0,0,0,13236330,,,4,2507412,,3.986169137144928
case_084,2,2,4,capls,0.06,0,0.238,4.163,True,629028,0,0,0,13236330,,,4,2507412,,3.986169137144928
case_084,2,2,4,capls,0.12,0,0.236,4.163,True,629028,0,0,0,13236330,,,4,2507412,,3.986169137144928
case_084,2,2,4,capls,0.25,0,0.309,4.163,True,629028,0,0,0,13236330,,,4,2507412,,3.986169137144928
case_084,2,2,4,capls,0.5,0,0.228,4.163,True,629028,0,0,0,13236330,,,4,2507412,,3.986169137144928
case_084,2,2,4,capls,1.0,0,0.228,4.163,True,629028,0,0,0,13236330,,,4,2507412,,3.986169137144928
case_084,2,2,4,capls,2.0,0,0.228,4.163,True,629028,0,0,0,13236330,,,4,2507412,,3.986169137144928
case_084,3,3,4,capls,0.03,0,0.248,4.723,True,629028,0,0,0,13236330,0.0,0,4,2507412,,3.986169137144928
case_084,3,3,4,capls,0.06,0,0.297,4.723,True,629028,0,0,0,13236330,0.0,0,4,2507412,,3.986169137144928
case_084,3,3,4,capls,0.12,0,0.236,4.723,True,629028,0,0,0,13236330,0.0,0,4,2507412,,3.986169137144928
case_084,3,3,4,capls,0.25,0,0.235,4.723,True,629028,0,0,0,13236330,0.0,0,4,2507412,,3.986169137144928
case_084,3,3,4,capls,0.5,0,0.285,4.723,True,629028,0,0,0,13236330,0.0,0,4,2507412,,3.986169137144928
case_084,3,3,4,capls,1.0,0,0.235,4.723,True,629028,0,0,0,13236330,0.0,0,4,2507412,,3.986169137144928
case_084,3,3,4,capls,2.0,0,0.232,4.723,True,629028,0,0,0,13236330,0.0,0,4,2507412,,3.986169137144928
case_094,2,2,4,capls,0.03,0,0.123,0.129,True,36858,760420,760420,0,1287112,,,12,94892,,2.574529274512996
case_094,2,2,4,capls,0.06,0,0.101,0.104,True,37024,550976,550976,0,1077668,,,10,94892,,2.5629861711322386
case_094,2,2,4,capls,0.12,0,0.072,0.111,True,34462,538688,538688,0,1065380,,,11,94892,,2.7535256224246996
case_094,2,2,4,capls,0.25,0,0.07,0.119,True,32496,534592,534592,0,1061284,,,11,94892,,2.920113244707041
case_094,2,2,4,capls,0.5,0,0.026,0.105,True,27634,318816,318816,0,845508,,,4,94892,,3.4338857928638635
case_094,2,2,4,capls,1.0,0,0.027,0.105,True,27634,318816,318816,0,845508,,,4,94892,,3.4338857928638635
case_094,2,2,4,capls,2.0,0,0.026,0.105,True,27634,318816,318816,0,845508,,,4,94892,,3.4338857928638635
case_094,3,3,4,capls,0.03,0,0.127,0.152,True,37287,924736,924736,0,1451428,0.202648813855334,222784,12,94892,,2.5449084131198543
case_094,3,3,4,capls,0.06,0,0.079,0.14,True,38006,881504,881504,0,1408196,0.271357519016969,296800,11,94892,,2.4967636688943853
case_094,3,3,4,capls,0.12,0,0.076,0.166,True,33381,904032,904032,0,1430724,0.2461445505811946,273760,10,94892,,2.8426949462268953
case_094,3,3,4,capls,0.25,0,0.042,0.122,True,36320,744288,744288,0,1270980,0.18348595470857568,189792,11,94892,,2.6126651982378855
case_094,3,3,4,capls,0.5,0,0.027,0.376,True,27634,318816,318816,0,845508,0.2751903450510287,217440,4,94892,,3.4338857928638635
case_094,3,3,4,capls,1.0,0,0.027,0.376,True,27634,318816,318816,0,845508,0.2751903450510287,217440,4,94892,,3.4338857928638635
case_094,3,3,4,capls,2.0,0,0.027,0.376,True,27634,318816,318816,0,845508,0.2751903450510287,217440,4,94892,,3.4338857928638635
case_094,1,1,4,capls,0.03,0,0.124,0.142,True,41809,949352,949352,0,1476044,,,12,94892,,2.2696548590016503
case_094,1,1,4,capls,0.06,0,0.102,0.146,True,40050,662084,662084,0,1188776,,,10,94892,,2.369338327091136
case_094,1,1,4,capls,0.12,0,0.068,0.142,True,35426,650304,650304,0,1176996,,,11,94892,,2.678597640151301
case_094,1,1,4,capls,0.25,0,0.066,0.167,True,33656,654404,654404,0,1181096,,,11,94892,,2.8194675540765393
case_094,1,1,4,capls,0.5,0,0.026,0.167,True,27634,318816,318816,0,845508,,,4,94892,,3.4338857928638635
case_094,1,1,4,capls,1.0,0,0.026,0.167,True,27634,318816,318816,0,845508,,,4,94892,,3.4338857928638635
case_094,1,1,4,capls,2.0,0,0.027,0.167,True,27634,318816,318816,0,845508,,,4,94892,,3.4338857928638635
case_042,1,1,4,capls,0.03,0,0.423,5.989,True,522816,16105568,15945824,159744,18494532,,,8,1686740,,3.226259334067817
case_042,1,1,4,capls,0.06,0,0.246,9.793,True,441521,8727648,6150240,2577408,11116612,,,7,1686740,,3.8202939384536636
case_042,1,1,4,capls,0.12,0,0.243,8.845,True,434592,8503584,5926176,2577408,10892548,,,4,1686740,,3.8812035196230026
case_042,1,1,4,capls,0.25,0,0.228,8.845,True,434592,8503584,5926176,2577408,10892548,,,4,1686740,,3.8812035196230026
case_042,1,1,4,capls,0.5,0,0.234,8.845,True,434592,8503584,5926176,2577408,10892548,,,4,1686740,,3.8812035196230026
case_042,1,1,4,capls,1.0,0,0.213,5.087,True,498756,7065600,3741696,3323904,9454564,,,4,1686740,,3.381894152651798
case_042,1,1,4,capls,2.0,0,0.202,5.087,True,498756,7065600,3741696,3323904,9454564,,,4,1686740,,3.381894152651798
case_095,1,1,4,capls,0.03,0,0.134,2.364,True,524422,0,0,0,11355036,,,4,2084853,,3.9755254356224565
case_095,1,1,4,capls,0.06,0,0.135,2.364,True,524422,0,0,0,11355036,,,4,2084853,,3.9755254356224565
case_095,1,1,4,capls,0.12,0,0.188,2.364,True,524422,0,0,0,11355036,,,4,2084853,,3.9755254356224565
case_095,1,1,4,capls,0.25,0,0.133,2.364,True,524422,0,0,0,11355036,,,4,2084853,,3.9755254356224565
case_095,1,1,4,capls,0.5,0,0.135,2.364,True,524422,0,0,0,11355036,,,4,2084853,,3.9755254356224565
case_095,1,1,4,capls,1.0,0,0.143,2.364,True,524422,0,0,0,11355036,,,4,2084853,,3.9755254356224565
case_095,1,1,4,capls,2.0,0,0.138,2.364,True,524422,0,0,0,11355036,,,4,2084853,,3.9755254356224565
case_095,2,2,4,capls,0.03,0,0.132,1.835,True,524422,0,0,0,11355036,,,4,2084853,,3.9755254356224565
case_095,2,2,4,capls,0.06,0,0.128,1.835,True,524422,0,0,0,11355036,,,4,2084853,,3.9755254356224565
case_095,2,2,4,capls,0.12,0,0.201,1.835,True,524422,0,0,0,11355036,,,4,2084853,,3.9755254356224565
case_095,2,2,4,capls,0.25,0,0.129,1.835,True,524422,0,0,0,11355036,,,4,2084853,,3.9755254356224565
case_095,2,2,4,capls,0.5,0,0.134,1.835,True,524422,0,0,0,11355036,,,4,2084853,,3.9755254356224565
case_095,2,2,4,capls,1.0,0,0.149,1.835,True,524422,0,0,0,11355036,,,4,2084853,,3.9755254356224565
case_095,2,2,4,capls,2.0,0,0.136,1.835,True,524422,0,0,0,11355036,,,4,2084853,,3.9755254356224565
case_095,3,3,4,capls,0.03,0,0.13,1.476,True,524422,0,0,0,11355036,0.0,0,4,2084853,,3.9755254356224565
case_095,3,3,4,capls,0.06,0,0.131,1.476,True,524422,0,0,0,11355036,0.0,0,4,2084853,,3.9755254356224565
case_095,3,3,4,capls,0.12,0,0.131,1.476,True,524422,0,0,0,11355036,0.0,0,4,2084853,,3.9755254356224565
case_095,3,3,4,capls,0.25,0,0.132,1.476,True,524422,0,0,0,11355036,0.0,0,4,2084853,,3.9755254356224565
case_095,3,3,4,capls,0.5,0,0.134,1.476,True,524422,0,0,0,11355036,0.0,0,4,2084853,,3.9755254356224565
case_095,3,3,4,capls,1.0,0,0.214,1.476,True,524422,0,0,0,11355036,0.0,0,4,2084853,,3.9755254356224565
case_095,3,3,4,capls,2.0,0,0.131,1.476,True,524422,0,0,0,11355036,0.0,0,4,2084853,,3.9755254356224565
case_100,2,2,4,capls,0.03,0,0.245,0.246,True,67794,1078640,1078640,0,1533238,,,30,151223,,2.230625129067469
case_100,2,2,4,capls,0.06,0,0.143,0.375,True,68104,1073710,1073710,0,1528308,,,28,151223,,2.220471631622225
case_100,2,2,4,capls,0.12,0,0.195,0.241,True,75312,1092364,1092364,0,1546962,,,28,151223,,2.0079535797748034
case_100,2,2,4,capls,0.25,0,0.185,0.272,True,74722,1034346,1034346,0,1488944,,,17,151223,,2.023808249243864
case_100,2,2,4,capls,0.5,0,0.122,0.25,True,76581,849424,849424,0,1304022,,,8,151223,,1.9746804037555008
case_100,2,2,4,capls,1.0,0,0.111,0.25,True,76581,849424,849424,0,1304022,,,8,151223,,1.9746804037555008
case_100,2,2,4,capls,2.0,0,0.041,0.188,True,58085,0,0,0,454598,,,4,151223,,2.603477662047
case_100,1,1,4,capls,0.03,0,0.22,0.41,True,87232,1864310,1864310,0,2318908,,,26,151223,,1.7335725421863537
case_100,1,1,4,capls,0.06,0,0.192,0.475,True,89678,1583374,1583374,0,2037972,,,25,151223,,1.686288721871585
case_100,1,1,4,capls,0.12,0,0.205,0.353,True,90853,1792756,1792756,0,2247354,,,27,151223,,1.6644799841502207
case_100,1,1,4,capls,0.25,0,0.182,0.43,True,87181,1797224,1797224,0,2251822,,,17,151223,,1.7345866645255275
case_100,1,1,4,capls,0.5,0,0.117,0.438,True,79313,1078800,1078800,0,1533398,,,8,151223,,1.906660950915991
case_100,1,1,4,capls,1.0,0,0.113,0.438,True,79313,1078800,1078800,0,1533398,,,8,151223,,1.906660950915991
case_100,1,1,4,capls,2.0,0,0.04,0.446,True,58085,0,0,0,454598,,,4,151223,,2.603477662047
case_100,3,3,4,capls,0.03,0,0.252,0.265,True,70415,1501886,1501886,0,1956484,0.4214713122540189,625616,37,151223,,2.147596392814031
case_100,3,3,4,capls,0.06,0,0.154,0.39,True,70165,1598492,1598492,0,2053090,0.5156306033744407,836820,45,151223,,2.1552483431910496
case_100,3,3,4,capls,0.12,0,0.088,0.256,True,68374,1509924,1509924,0,1964522,0.5680215896584664,938316,31,151223,,2.2117032790241904
case_100,3,3,4,capls,0.25,0,0.141,0.906,True,69294,1638406,1638406,0,2093004,0.5161787773571812,856896,25,151223,,2.182339019251306
case_100,3,3,4,capls,0.5,0,0.112,0.258,True,76581,849424,849424,0,1304022,0.6177831093601945,794112,8,151223,,1.9746804037555008
case_100,3,3,4,capls,1.0,0,0.114,0.258,True,76581,849424,849424,0,1304022,0.6177831093601945,794112,8,151223,,1.9746804037555008
case_100,3,3,4,capls,2.0,0,0.042,0.309,True,58085,0,0,0,454598,0.0,0,4,151223,,2.603477662047
case_079,1,1,4,capls,0.03,0,0.906,58.481,True,7635624,30445568,10948608,19496960,39796736,,,4,31052251,,4.066760097144647
case_079,1,1,4,capls,0.06,0,1.009,58.481,True,7635624,30445568,10948608,19496960,39796736,,,4,31052251,,4.066760097144647
case_079,1,1,4,capls,0.12,0,0.863,58.481,True,7635624,30445568,10948608,19496960,39796736,,,4,31052251,,4.066760097144647
case_079,1,1,4,capls,0.25,0,0.795,81.895,True,8584580,32768000,6488064,26279936,42119168,,,4,31052251,,3.6172126067903148
case_079,1,1,4,capls,0.5,0,0.82,81.895,True,8584580,32768000,6488064,26279936,42119168,,,4,31052251,,3.6172126067903148
case_079,1,1,4,capls,1.0,0,0.833,81.895,True,8584580,32768000,6488064,26279936,42119168,,,4,31052251,,3.6172126067903148
case_079,1,1,4,capls,2.0,0,0.71,81.895,True,8584580,32768000,6488064,26279936,42119168,,,4,31052251,,3.6172126067903148
case_079,2,2,4,capls,0.03,0,0.925,9.705,True,7635624,30445568,10948608,19496960,39796736,,,4,31052251,,4.066760097144647
case_079,2,2,4,capls,0.06,0,0.958,9.705,True,7635624,30445568,10948608,19496960,39796736,,,4,31052251,,4.066760097144647
case_079,2,2,4,capls,0.12,0,0.867,9.705,True,7635624,30445568,10948608,19496960,39796736,,,4,31052251,,4.066760097144647
case_079,2,2,4,capls,0.25,0,0.836,9.187,True,8584580,32768000,6488064,26279936,42119168,,,4,31052251,,3.6172126067903148
case_079,2,2,4,capls,0.5,0,0.818,9.187,True,8584580,32768000,6488064,26279936,42119168,,,4,31052251,,3.6172126067903148
case_079,2,2,4,capls,1.0,0,0.782,9.187,True,8584580,32768000,6488064,26279936,42119168,,,4,31052251,,3.6172126067903148
case_079,2,2,4,capls,2.0,0,0.715,9.187,True,8584580,32768000,6488064,26279936,42119168,,,4,31052251,,3.6172126067903148
case_079,3,3,4,capls,0.03,0,0.88,8.509,True,7635624,30445568,10948608,19496960,39796736,0.0,0,4,31052251,,4.066760097144647
case_079,3,3,4,capls,0.06,0,0.989,8.509,True,7635624,30445568,10948608,19496960,39796736,0.0,0,4,31052251,,4.066760097144647
case_079,3,3,4,capls,0.12,0,0.955,8.509,True,7635624,30445568,10948608,19496960,39796736,0.0,0,4,31052251,,4.066760097144647
case_079,3,3,4,capls,0.25,0,0.782,9.212,True,8579892,32768000,6488064,26279936,42119168,0.09703790211275082,3743744,4,31052251,,3.6191890294190183
case_079,3,3,4,capls,0.5,0,0.814,9.212,True,8579892,32768000,6488064,26279936,42119168,0.09703790211275082,3743744,4,31052251,,3.6191890294190183
case_079,3,3,4,capls,1.0,0,0.798,9.212,True,8579892,32768000,6488064,26279936,42119168,0.09703790211275082,3743744,4,31052251,,3.6191890294190183
case_079,3,3,4,capls,2.0,0,0.795,9.212,True,8579892,32768000,6488064,26279936,42119168,0.09703790211275082,3743744,4,31052251,,3.6191890294190183
case_086,2,2,4,capls,0.03,0,1.255,1.831,True,84845,2313490,2313490,0,2651512,,,106,118403,,1.395521244622547
case_086,2,2,4,capls,0.06,0,1.281,2.766,True,89266,2420946,2420946,0,2758968,,,89,118403,,1.326406470548697
case_086,2,2,4,capls,0.12,0,1.17,2.766,True,89266,2420946,2420946,0,2758968,,,89,118403,,1.326406470548697
case_086,2,2,4,capls,0.25,0,0.533,1.166,True,57534,905778,905778,0,1243800,,,33,118403,,2.05796572461501
case_086,2,2,4,capls,0.5,0,0.57,1.166,True,57534,905778,905778,0,1243800,,,33,118403,,2.05796572461501
case_086,2,2,4,capls,1.0,0,0.201,1.177,True,121646,557200,557200,0,895222,,,9,118403,,0.9733406770465121
case_086,2,2,4,capls,2.0,0,0.18,1.592,True,119913,201126,201126,0,539148,,,7,118403,,0.9874075371310868
case_086,3,3,4,capls,0.03,0,1.276,2.164,True,80892,2573842,2573842,0,2911864,0.38648862277594415,690414,104,118403,,1.46371705483855
case_086,3,3,4,capls,0.06,0,1.247,1.718,True,83667,2533650,2533650,0,2871672,0.3652217635228115,634846,101,118403,,1.4151696606786428
case_086,3,3,4,capls,0.12,0,1.163,1.718,True,83667,2533650,2533650,0,2871672,0.3652217635228115,634846,101,118403,,1.4151696606786428
case_086,3,3,4,capls,0.25,0,0.251,2.195,True,58427,1156626,1156626,0,1494648,0.44307036579010817,455728,33,118403,,2.0265117154740104
case_086,3,3,4,capls,0.5,0,0.261,2.195,True,58427,1156626,1156626,0,1494648,0.44307036579010817,455728,33,118403,,2.0265117154740104
case_086,3,3,4,capls,1.0,0,0.187,1.261,True,121641,557200,557200,0,895222,0.17358469645777574,112720,9,118403,,0.9733806857885088
case_086,3,3,4,capls,2.0,0,0.19,1.467,True,119913,201126,201126,0,539148,0.07475956927966682,32742,7,118403,,0.9874075371310868
case_077,1,1,4,capls,0.03,0,0.726,1.527,True,218291,5086510,5086510,0,7227870,,,89,495320,,2.2690811806258617
case_077,1,1,4,capls,0.06,0,0.81,1.58,True,209964,4240700,4240700,0,6382060,,,91,495320,,2.3590710788516125
case_077,1,1,4,capls,0.12,0,0.743,1.916,True,223375,2955648,2955648,0,5097008,,,113,495320,,2.2174370453273644
case_077,1,1,4,capls,0.25,0,0.263,1.713,True,166172,1353166,1353166,0,3494526,,,38,495320,,2.9807669162073034
case_077,1,1,4,capls,0.5,0,0.262,1.713,True,166172,1353166,1353166,0,3494526,,,38,495320,,2.9807669162073034
case_077,1,1,4,capls,1.0,0,0.152,3.808,True,145044,172032,172032,0,2313392,,,4,495320,,3.4149637351424396
case_077,1,1,4,capls,2.0,0,0.14,3.808,True,145044,172032,172032,0,2313392,,,4,495320,,3.4149637351424396
case_066,1,1,4,capls,0.03,0,1.39,1.996,True,249660,3983462,3983462,0,5090496,,,107,359070,,1.4382360009613073
case_066,1,1,4,capls,0.06,0,1.317,2.098,True,257164,3598522,3598522,0,4705556,,,91,359070,,1.3962685290320573
case_066,1,1,4,capls,0.12,0,1.333,2.147,True,248239,3759908,3759908,0,4866942,,,97,359070,,1.446468927122652
case_066,1,1,4,capls,0.25,0,1.347,2.147,True,248239,3759908,3759908,0,4866942,,,97,359070,,1.446468927122652
case_066,1,1,4,capls,0.5,0,0.344,2.927,True,164803,2102704,2102704,0,3209738,,,40,359070,,2.1787831532192983
case_066,1,1,4,capls,1.0,0,0.324,2.927,True,164803,2102704,2102704,0,3209738,,,40,359070,,2.1787831532192983
case_066,1,1,4,capls,2.0,0,0.215,3.983,True,249941,240702,240702,0,1347736,,,6,359070,,1.4366190420939342
case_086,1,1,4,capls,0.03,0,1.251,1.763,True,111072,2923272,2923272,0,3261294,,,106,118403,,1.0660022327859406
case_086,1,1,4,capls,0.06,0,1.151,2.109,True,111498,2838150,2838150,0,3176172,,,89,118403,,1.0619293619616494
case_086,1,1,4,capls,0.12,0,1.176,2.109,True,111498,2838150,2838150,0,3176172,,,89,118403,,1.0619293619616494
case_086,1,1,4,capls,0.25,0,0.532,1.6,True,70784,1497402,1497402,0,1835424,,,33,118403,,1.6727367766726944
case_086,1,1,4,capls,0.5,0,0.531,1.6,True,70784,1497402,1497402,0,1835424,,,33,118403,,1.6727367766726944
case_086,1,1,4,capls,1.0,0,0.175,1.544,True,124177,587958,587958,0,925980,,,9,118403,,0.9535018562213614
case_086,1,1,4,capls,2.0,0,0.215,2.384,True,121146,276972,276972,0,614994,,,7,118403,,0.9773578987337592
case_043,1,1,4,capls,0.03,0,1.707,3.855,True,388240,7933290,7916906,16384,9364412,,,153,677656,,1.7454564187100763
case_043,1,1,4,capls,0.06,0,1.897,3.697,True,429521,7646866,7646866,0,9077988,,,151,677656,,1.577701672328012
case_043,1,1,4,capls,0.12,0,0.509,4.777,True,254552,4140902,4112226,28676,5572024,,,49,677656,,2.6621515446745656
case_043,1,1,4,capls,0.25,0,0.529,4.777,True,254552,4140902,4112226,28676,5572024,,,49,677656,,2.6621515446745656
case_043,1,1,4,capls,0.5,0,0.524,4.777,True,254552,4140902,4112226,28676,5572024,,,49,677656,,2.6621515446745656
case_043,1,1,4,capls,1.0,0,0.48,4.777,True,254552,4140902,4112226,28676,5572024,,,49,677656,,2.6621515446745656
case_043,1,1,4,capls,2.0,0,0.361,10.424,True,310758,657050,640666,16384,2088172,,,5,677656,,2.1806550434743435
