case,num_cores,makespan,official_hit_bytes,official_miss_bytes,hit_rate,hit_input_reuse,hit_spill_reload,hit_cross_core_mid,miss_first_miss,miss_oversize,miss_concurrent_first_read,miss_fifo_evicted
case_001,2,116868,0,821504,0.0,0,0,0,820352,0,1152,0
case_002,2,121768,13824,1261056,0.010843373493975903,13824,0,0,1261056,0,0,0
case_003,2,285418,374790,1954316,0.16091581920273273,374790,0,0,1790348,0,163968,0
case_004,2,195960,215040,1072128,0.16706443914081145,215040,0,0,998400,0,73728,0
case_005,2,52945,109062,505254,0.1775340378567382,109062,0,0,500550,0,4704,0
case_006,2,39976,337412,625220,0.35050985215534075,337412,0,0,625220,0,0,0
case_007,2,507494,0,907776,0.0,0,0,0,880128,0,27648,0
case_008,2,155082,0,1990872,0.0,0,0,0,1990872,0,0,0
case_009,2,91263,162310,563630,0.2235859712923933,162310,0,0,563598,0,32,0
case_010,2,41582,174912,544788,0.2430345977490621,174912,0,0,544788,0,0,0
case_011,2,92646,0,720896,0.0,0,0,0,540672,0,180224,0
case_012,2,21950,0,484096,0.0,0,0,0,484096,0,0,0
case_013,2,132198,0,2031616,0.0,0,0,0,2023424,0,8192,0
case_014,2,8896369,16289280,69638520,0.18956938266777457,16289280,0,0,9928920,0,0,59709600
case_015,2,83405,11520,1023754,0.011127488954614913,11520,0,0,925450,0,98304,0
case_016,2,7715523,0,393216,0.0,0,0,0,393216,0,0,0
case_017,2,71293,32640,584270,0.052908852182652254,32640,0,0,535118,0,49152,0
case_018,2,502856,2814976,2125076,0.569827200199512,2814976,0,0,1592596,0,0,532480
case_019,2,34656,57888,405558,0.12490775624344584,57888,0,0,405558,0,0,0
case_020,2,266580,0,1179648,0.0,0,0,0,1179648,0,0,0
case_021,2,3193634,1204224,4325376,0.21777777777777776,1204224,0,0,2355200,0,1536000,434176
case_022,2,27481,0,213540,0.0,0,0,0,213540,0,0,0
case_023,2,41726,49152,458698,0.09678448360736439,49152,0,0,434122,0,24576,0
case_024,2,2555343,0,393216,0.0,0,0,0,393216,0,0,0
case_025,2,2431840,0,4150272,0.0,0,0,0,4122624,0,27648,0
case_026,2,48612,185776,505272,0.26883226635486973,185776,0,0,505272,0,0,0
case_027,2,1115722,0,2949120,0.0,0,0,0,1843200,0,1105920,0
case_028,2,20009296,2148480,13308096,0.1390010310174776,2148480,0,0,13278336,0,4536,25224
case_029,2,19737,12288,260188,0.04509754987595238,12288,0,0,260188,0,0,0
case_030,2,1399744,4511744,5660672,0.44352728004831893,4511744,0,0,2448384,0,0,3212288
case_031,2,710284,2110464,4106356,0.3394764525915179,2110464,0,0,2184820,0,0,1921536
case_032,2,20940,147544,294562,0.3337299199739429,147544,0,0,284322,0,10240,0
case_033,2,893649,2839584,6275120,0.31153880586796895,2839584,0,0,2889776,0,78336,3307008
case_034,2,412214,1232384,2286128,0.3502571541606224,1232384,0,0,2279984,0,6144,0
case_035,2,95406,0,396878,0.0,0,0,0,396878,0,0,0
case_036,2,466068,0,3279104,0.0,0,0,0,3277952,0,1152,0
case_037,2,105374,0,737280,0.0,0,0,0,532480,0,204800,0
case_038,2,678831,1605120,6797322,0.1910301790836521,1605120,0,0,2794506,0,0,4002816
case_039,2,705615,5652480,9617408,0.3701716738197425,5652480,0,0,4202496,0,311296,5103616
case_040,2,128421,0,911174,0.0,0,0,0,911174,0,0,0
case_041,2,2981380,7695360,30849024,0.1996493185622061,7695360,0,0,4948992,0,6144,25893888
case_042,2,840543,3428640,6201120,0.356046256604526,3428640,0,0,2364192,0,55296,3781632
case_043,2,327792,902204,1931308,0.31840486294040754,902204,0,0,1912748,0,6272,12288
case_044,2,43910,2848,1880480,0.0015122166717640262,2848,0,0,952928,0,927552,0
case_045,2,63059,0,278528,0.0,0,0,0,278528,0,0,0
case_046,2,105718,0,1926336,0.0,0,0,0,995936,0,930400,0
case_047,2,156919,154118,784902,0.1641264296820089,154118,0,0,770502,0,14400,0
case_048,2,159138,582,526406,0.0011043894737641086,582,0,0,526406,0,0,0
case_049,2,100433,27654,298334,0.08483134348503626,27654,0,0,298302,0,32,0
case_050,2,80346,134566,388308,0.2573583693203334,134566,0,0,388308,0,0,0
case_051,2,607628,0,393216,0.0,0,0,0,393216,0,0,0
case_052,2,71775,46080,837692,0.052140144743214316,46080,0,0,810044,0,27648,0
case_053,2,703878,1289778,3391178,0.2755373047727857,1289778,0,0,3296998,0,18144,76036
case_054,2,411477,159748,1994952,0.07413932333967606,159748,0,0,1990790,0,4160,2
case_055,2,48250,57856,646172,0.08217854971677263,57856,0,0,646172,0,0,0
case_056,2,130574,92166,423934,0.17858167021894983,92166,0,0,423902,0,32,0
case_057,2,30053,240040,351478,0.40580337369277014,240040,0,0,351478,0,0,0
case_058,2,2262108,4595712,35491840,0.11464187187084908,4595712,0,0,6651904,0,0,28839936
case_059,2,369318,0,1441792,0.0,0,0,0,1081344,0,360448,0
case_060,2,451802,1947776,2875054,0.40386578005030244,1947776,0,0,2098734,0,0,776320
case_061,2,38873,25344,544036,0.04451157399276406,25344,0,0,544036,0,0,0
case_062,2,1428976,4608,13424640,0.0003431316481756834,4608,0,0,13424640,0,0,0
case_063,2,533800,571392,11496960,0.047346315387552504,571392,0,0,6990336,0,0,4506624
case_064,2,13674,11782,61030,0.1618139867054881,11782,0,0,59974,0,1056,0
case_065,2,21905,4608,308936,0.014696501926364403,4608,0,0,299720,0,9216,0
case_066,2,197561,285804,1403340,0.16920049445162758,285804,0,0,1317132,0,86208,0
case_067,2,30303605,3685888,7222528,0.3378939710403417,3685888,0,0,7186816,0,35712,0
case_068,2,197002,970894,3031406,0.2425840141918397,970894,0,0,3031214,0,192,0
case_069,2,13112,52998,272838,0.16265237726954665,52998,0,0,272742,0,96,0
case_070,2,47580,38912,469010,0.07661018817849985,38912,0,0,419858,0,49152,0
case_071,2,11236,55302,256518,0.17735231864537232,55302,0,0,237990,0,18528,0
case_072,2,11841570,16678912,107615294,0.13418897418275474,16678912,0,0,11093006,0,8192,96514096
case_073,2,4197779,3720448,3882496,0.4893430755244284,3720448,0,0,3881344,0,1152,0
case_074,2,824879,3035136,7331868,0.2927688655275912,3035136,0,0,3776540,0,4096,3551232
case_075,2,670175,476166,2835462,0.1437860774217394,476166,0,0,2638726,0,196736,0
case_076,2,3065275,9779200,25691136,0.27570079967666505,9779200,0,0,4269056,0,89088,21332992
case_077,2,250735,57344,2141260,0.026082004763022353,57344,0,0,2141260,0,0,0
case_078,2,1022234,0,4395264,0.0,0,0,0,2246784,0,2148480,0
case_079,2,15159240,0,38424576,0.0,0,0,0,5812224,0,2162688,30449664
case_080,2,145674,1785856,2310144,0.436,1785856,0,0,1904640,0,270336,135168
case_081,2,76860,0,1044820,0.0,0,0,0,1044820,0,0,0
case_082,2,331832,221318,872198,0.20239118586284974,221318,0,0,872198,0,0,0
case_083,2,419453,930112,1184640,0.43982083951215084,930112,0,0,1184352,0,288,0
case_084,2,1255052,0,9927786,0.0,0,0,0,9927786,0,0,0
case_085,2,1503897,622636,3300620,0.15870389288896775,622636,0,0,3300486,0,128,6
case_086,2,62938,125190,517926,0.19466161625585432,125190,0,0,517830,0,96,0
case_087,2,1991129,2691072,11475932,0.18995350040135514,2691072,0,0,5918684,0,0,5557248
case_088,2,130606,665094,2022178,0.24749783423486718,665094,0,0,2021986,0,192,0
case_089,2,295144,0,641280,0.0,0,0,0,402560,0,238720,0
case_090,2,430364,862200,3859080,0.1826199674664498,862200,0,0,2572800,0,1286280,0
case_091,2,4563996,19861824,38788416,0.33864863980096244,19861824,0,0,6535680,0,0,32252736
case_092,2,1926278,1152,5277440,0.00021824001551928998,1152,0,0,4346464,0,930400,576
case_093,2,37827,0,581632,0.0,0,0,0,573440,0,8192,0
case_094,2,43154,87840,493856,0.15100671140939598,87840,0,0,475424,0,18432,0
case_095,2,1042890,0,8516508,0.0,0,0,0,8516508,0,0,0
case_096,2,40994,106304,228698,0.317323478665799,106304,0,0,210266,0,18432,0
case_097,2,5477830,921600,17674240,0.04955947136563876,921600,0,0,4579328,0,2555904,10539008
case_098,2,87088,229390,1063554,0.17741681000878615,229390,0,0,1063554,0,0,0
case_099,2,805721,4468736,5380352,0.45372079120422115,4468736,0,0,2533632,0,0,2846720
case_100,2,85674,301568,438316,0.40758821653124006,301568,0,0,438316,0,0,0
case_001,3,78545,0,822656,0.0,0,0,0,820352,0,2304,0
case_002,3,82329,18432,1287168,0.01411764705882353,18432,0,0,1277952,0,0,9216
case_003,3,251261,687372,2143756,0.2427908593323933,444556,0,242816,1792396,0,351360,0
case_004,3,130725,0,672768,0.0,0,0,0,451584,0,221184,0
case_005,3,38024,221004,576678,0.27705777490278083,106860,0,114144,510150,0,66528,0
case_006,3,26930,472866,616004,0.43427222717128766,472844,0,22,616004,0,0,0
case_007,3,338094,0,935424,0.0,0,0,0,880128,0,55296,0
case_008,3,110895,0,1990872,0.0,0,0,0,1990872,0,0,0
case_009,3,65976,270112,646062,0.2948260919868933,223788,0,46324,586126,0,59936,0
case_010,3,27337,146754,588446,0.19961099020674647,134464,0,12290,568862,0,19584,0
case_011,3,65543,575488,882688,0.3946629213483146,575488,0,0,823296,0,59392,0
case_012,3,18324,139158,496170,0.2190333182230281,139142,0,16,496170,0,0,0
case_013,3,88351,0,2039808,0.0,0,0,0,2023424,0,16384,0
case_014,3,5881266,30369840,59344948,0.3385154295855885,30369840,0,0,10102684,0,663168,48579096
case_015,3,58467,1098938,1132974,0.4923751474072455,1098900,0,38,1001902,0,131072,0
case_016,3,7715523,0,393216,0.0,0,0,0,393216,0,0,0
case_017,3,44420,65280,633422,0.0934303894936611,65280,0,0,535118,0,98304,0
case_018,3,337587,3248512,2247956,0.5910180865239277,3248512,0,0,1592596,0,8192,647168
case_019,3,27321,132416,448566,0.2279175602686486,101696,0,30720,432182,0,16384,0
case_020,3,177950,0,1179648,0.0,0,0,0,1179648,0,0,0
case_021,3,2103364,4386816,4589568,0.4887063655030801,4386816,0,0,2920448,0,0,1669120
case_022,3,19192,112412,213578,0.3448326635786374,112384,0,28,213578,0,0,0
case_023,3,28284,49152,532426,0.0845148888025338,49152,0,0,434122,0,98304,0
case_024,3,2159126,327880,11436902,0.027869619683560647,327680,0,200,11436902,0,0,0
case_025,3,1622164,0,4177920,0.0,0,0,0,4122624,0,55296,0
case_026,3,38423,386768,757198,0.3380939643311077,362192,0,24576,732622,0,24576,0
case_027,3,763896,1990656,4300800,0.31640625,1990656,0,0,3502080,0,83968,714752
case_028,3,13270473,4295664,7654800,0.35945583368143696,4295664,0,0,7653504,0,1296,0
case_029,3,12743,0,258132,0.0,0,0,0,258132,0,0,0
case_030,3,931340,6398976,5357568,0.5442905670237784,6398976,0,0,2393088,0,53248,2911232
case_031,3,478086,2142720,4881012,0.30506858746888404,2142720,0,0,2315892,0,0,2565120
case_032,3,12612,202856,281240,0.4190408514013749,202824,0,32,279192,0,2048,0
case_033,3,588351,3492384,6483536,0.3500813960015718,3492384,0,0,2889776,0,2592,3591168
case_034,3,272476,2319360,2289200,0.503272171784679,2319360,0,0,2279984,0,9216,0
case_035,3,78754,401716,539522,0.42679534825410786,314956,0,86760,527234,0,12288,0
case_036,3,311345,0,3280256,0.0,0,0,0,3277952,0,2304,0
case_037,3,72874,755712,681984,0.5256410256410257,755712,0,0,630784,0,51200,0
case_038,3,456400,2813952,6922762,0.28900427803466344,2813952,0,0,2864650,0,0,4058112
case_039,3,481303,2846720,11321344,0.2009251228678809,2846720,0,0,4349952,0,0,6971392
case_040,3,110105,0,911174,0.0,0,0,0,911174,0,0,0
case_041,3,1990580,10653696,29313024,0.2665641813989239,10653696,0,0,4948992,0,110592,24253440
case_042,3,569525,3314688,6460192,0.33910267952138545,3314688,0,0,2700064,0,116736,3643392
case_043,3,229480,1704392,2027308,0.45673339228769727,1427704,0,276688,1886892,0,113280,27136
case_044,3,43910,2848,1880480,0.0015122166717640262,2848,0,0,952928,0,927552,0
case_045,3,42601,0,278528,0.0,0,0,0,278528,0,0,0
case_046,3,102704,962624,1553632,0.3825620286648099,956480,0,6144,1517664,0,19584,16384
case_047,3,122464,330444,850438,0.2798281284666885,178764,0,151680,759750,0,90688,0
case_048,3,149071,52876,647750,0.07546965142601045,4748,0,48128,612934,0,34816,0
case_049,3,81123,113548,311646,0.2670498642972384,40492,0,73056,284990,0,26656,0
case_050,3,55445,223796,423796,0.3455817860628297,171692,0,52104,409044,0,14752,0
case_051,3,483306,655406,5505510,0.10638125889072339,655360,0,46,5374438,0,0,131072
case_052,3,48446,78336,879164,0.08181305483028721,78336,0,0,810044,0,69120,0
case_053,3,553159,2312582,3164668,0.4222158930120042,2310998,0,1584,3163942,0,576,150
case_054,3,342219,465926,2072520,0.18354772959519328,192582,0,273344,1999238,0,65088,8194
case_055,3,33559,99328,625692,0.13700035861079696,99328,0,0,625692,0,0,0
case_056,3,90592,235188,432126,0.35243978097267553,119852,0,115336,403422,0,28704,0
case_057,3,21007,488954,359670,0.5761727219593129,488916,0,38,351476,0,8194,0
case_058,3,1496185,16052224,21585920,0.42648819240396124,16052224,0,0,6819840,0,0,14766080
case_059,3,254656,2498560,1579008,0.6127574083375188,2498560,0,0,1482752,0,71680,24576
case_060,3,298831,2466944,2796200,0.4687205974223772,2466944,0,0,2098728,0,4096,693376
case_061,3,29381,160950,554952,0.22482127442024188,160914,0,36,551752,0,3200,0
case_062,3,954215,4608,13418496,0.00034328870580157915,4608,0,0,13418496,0,0,0
case_063,3,344374,990720,7512576,0.11651011560693642,990720,0,0,5655552,0,0,1857024
case_064,3,11407,22796,70502,0.24433535552744967,7212,0,15584,58950,0,11552,0
case_065,3,14937,0,327368,0.0,0,0,0,299720,0,27648,0
case_066,3,142969,413992,1487564,0.21771223145676488,195480,0,218512,1320204,0,167360,0
case_067,3,20084166,7440896,6550144,0.5318329445130597,7440896,0,0,6547840,0,2304,0
case_068,3,147814,686140,3664046,0.1577265891619347,506524,0,179616,3027630,0,634880,1536
case_069,3,12005,106986,218936,0.32825645399819586,84586,0,22400,212694,0,6242,0
case_070,3,40551,53248,542738,0.08934438057269802,53248,0,0,419858,0,122880,0
case_071,3,10636,50780,196566,0.20529945905735286,40140,0,10640,191958,0,4608,0
case_072,3,7989837,18849890,111897202,0.14417062522507193,18849842,0,48,11139854,0,0,100757348
case_073,3,2796345,4782080,6542464,0.42227572253681916,4782080,0,0,3881344,0,2661120,0
case_074,3,544114,3485696,7876632,0.30677656902705147,3485696,0,0,3776536,0,0,4100096
case_075,3,572669,1202956,2752646,0.30411451910480375,849036,0,353920,2579334,0,173312,0
case_076,3,2049651,13817856,24922112,0.35668217382110384,13817856,0,0,4269056,0,2048,20651008
case_077,3,175206,502616,2314140,0.17843789096393156,404120,0,98496,2298652,0,13568,1920
case_078,3,900985,3995376,3721872,0.51772030651341,3970800,0,24576,3222912,0,1296,497664
case_079,3,10072944,0,38535168,0.0,0,0,0,5812224,0,4325376,28397568
case_080,3,99832,2990080,2404352,0.554290053151101,2990080,0,0,2347008,0,57344,0
case_081,3,51943,0,1044820,0.0,0,0,0,1044820,0,0,0
case_082,3,227521,398218,1005320,0.2837244164390277,180490,0,217728,899334,0,105986,0
case_083,3,288815,930112,2115040,0.3054402538855203,930112,0,0,1184352,0,930688,0
case_084,3,836220,0,9927786,0.0,0,0,0,9927786,0,0,0
case_085,3,1272443,1451276,3350022,0.3022674285162054,659596,0,791680,3043718,0,306304,0
case_086,3,47288,186060,663846,0.2189183274385638,64620,0,121440,538566,0,125280,0
case_087,3,1456602,2949120,9697244,0.23319904440517447,2949120,0,0,5918684,0,0,3778560
case_088,3,98649,432908,2521378,0.1465355757702538,313548,0,119360,2024034,0,497344,0
case_089,3,206778,238648,641352,0.2711909090909091,238648,0,0,402560,0,238792,0
case_090,3,324313,1944360,4541016,0.2998068269287702,1944360,0,0,2188416,0,2352600,0
case_091,3,3069257,29355168,38077920,0.43532290854009237,29355168,0,0,6535680,0,0,31542240
case_092,3,1274060,708928,4244960,0.1431053750104968,708928,0,0,3093088,0,1151872,0
case_093,3,25103,0,589824,0.0,0,0,0,573440,0,16384,0
case_094,3,26386,175680,508192,0.2568901782789762,175680,0,0,471328,0,36864,0
case_095,3,673706,0,16681884,0.0,0,0,0,16681884,0,0,0
case_096,3,33260,104192,221016,0.3203857223684534,104192,0,0,221016,0,0,0
case_097,3,3563647,5978112,13934592,0.3002159827213823,5978112,0,0,7061504,0,98304,6774784
case_098,3,64155,454704,1108620,0.2908571735609509,389134,0,65570,1108620,0,0,0
case_099,3,540032,3284992,5757184,0.36329662240593413,3284992,0,0,2615552,0,16384,3125248
case_100,3,57948,0,436006,0.0,0,0,0,436006,0,0,0
case_001,4,58984,0,823808,0.0,0,0,0,820352,0,3456,0
case_002,4,65392,36864,1294848,0.02768166089965398,36864,0,0,1294848,0,0,0
case_003,4,179646,1632018,2405900,0.4041731407126148,1075474,0,556544,1814924,0,590976,0
case_004,4,100126,110592,672768,0.1411764705882353,110592,0,0,451584,0,221184,0
case_005,4,36155,416370,686214,0.3776310920528504,196818,0,219552,513222,0,172992,0
case_006,4,24877,327178,630346,0.3416916965005577,327172,0,6,622154,0,8192,0
case_007,4,254398,0,963072,0.0,0,0,0,880128,0,82944,0
case_008,4,88500,0,1990872,0.0,0,0,0,1990872,0,0,0
case_009,4,63026,443090,604302,0.4230412300265803,347762,0,95328,587150,0,17152,0
case_010,4,24926,209348,601388,0.2582196917368909,197056,0,12292,578604,0,22784,0
case_011,4,46880,0,1081344,0.0,0,0,0,540672,0,540672,0
case_012,4,14808,123918,529492,0.1896481535330038,123910,0,8,499988,0,29504,0
case_013,4,66982,0,2048000,0.0,0,0,0,2023424,0,24576,0
case_014,4,4453421,36692856,60732912,0.3766237285396611,36692856,0,0,10184664,0,1820160,48728088
case_015,4,43221,581914,1079622,0.350226537372648,581896,0,18,940358,0,139264,0
case_016,4,6103967,557662,17892850,0.0302247438987059,557056,0,606,17860082,0,32768,0
case_017,4,35734,84096,691790,0.10838705686144615,84096,0,0,535118,0,156672,0
case_018,4,252790,3980288,2731284,0.5930485436198851,3980288,0,0,1592596,0,86016,1052672
case_019,4,21005,121344,396342,0.23439691241408886,94720,0,26624,396342,0,0,0
case_020,4,133704,0,1179648,0.0,0,0,0,1179648,0,0,0
case_021,4,1550324,0,6963200,0.0,0,0,0,2355200,0,4608000,0
case_022,4,14940,0,213540,0.0,0,0,0,213540,0,0,0
case_023,4,27929,427482,853206,0.33379089989130845,345542,0,81940,696790,0,156416,0
case_024,4,2003351,983344,14419936,0.06383990942188936,983040,0,304,14419888,0,48,0
case_025,4,1217444,0,4205568,0.0,0,0,0,4122624,0,82944,0
case_026,4,38423,386768,757198,0.3380939643311077,362192,0,24576,732622,0,24576,0
case_027,4,559196,0,4055040,0.0,0,0,0,1843200,0,2211840,0
case_028,4,10080305,2147184,10858128,0.1651005373804181,2147184,0,0,6559872,0,4298256,0
case_029,4,10970,477384,270506,0.638307772533394,477216,0,168,258216,0,12290,0
case_030,4,699009,7301120,3921920,0.6505474452554745,7301120,0,0,2401280,0,111616,1409024
case_031,4,360132,2297344,4986484,0.31540338404476326,2297344,0,0,2384500,0,0,2601984
case_032,4,11276,0,279156,0.0,0,0,0,279156,0,0,0
case_033,4,445198,3779168,6454832,0.36927574750830566,3779168,0,0,2889776,0,92160,3472896
case_034,4,208260,2950656,2348592,0.5568065506653019,2950656,0,0,2279984,0,68608,0
case_035,4,77573,692632,557444,0.5540719124277244,573552,0,119080,536450,0,20994,0
case_036,4,233584,0,3281408,0.0,0,0,0,3277952,0,3456,0
case_037,4,53320,0,1146880,0.0,0,0,0,532480,0,614400,0
case_038,4,339825,2712576,7705098,0.2603821160078536,2712576,0,0,2929674,0,64512,4710912
case_039,4,351769,10252288,11792384,0.46506874767744333,10252288,0,0,4259840,0,638976,6893568
case_040,4,101948,419688,1604896,0.20729591856895047,287442,0,132246,1578096,0,26800,0
case_041,4,1493320,14484480,29343744,0.3304829326417607,14484480,0,0,4948992,0,79872,24314880
case_042,4,428924,3803136,6851360,0.3569512814120912,3803136,0,0,2999072,0,178176,3674112
case_043,4,204676,2207820,2271148,0.4929305143506272,1704500,0,503320,1930668,0,313344,27136
case_044,4,40054,3215936,1174208,0.7325354248061111,3204416,3840,7680,1023584,0,150624,0
case_045,4,31878,0,278528,0.0,0,0,0,278528,0,0,0
case_046,4,76653,1899200,1160640,0.6206860489437356,1894080,0,5120,1145952,0,14688,0
case_047,4,112730,484882,1195142,0.2886161150078808,173714,0,311168,775878,0,419264,0
case_048,4,142969,334450,1018790,0.2471475865330614,125586,0,208864,970342,0,48448,0
case_049,4,60474,214834,356190,0.3762258679144835,68178,0,146656,298814,0,57376,0
case_050,4,43605,246134,452628,0.352242966847081,163506,0,82628,406740,0,45888,0
case_051,4,344572,393262,1310864,0.23077049466999505,393216,0,46,1310864,0,0,0
case_052,4,37183,119808,911420,0.11617993305069296,119808,0,0,810044,0,101376,0
case_053,4,424896,4127008,7041400,0.3695251821029461,2895776,0,1231232,5853350,0,1156944,31106
case_054,4,243498,872462,2258634,0.278644283024219,356494,0,515968,2026374,0,219460,12800
case_055,4,29142,592446,681030,0.46521960366744247,592398,0,48,654910,0,26120,0
case_056,4,88843,357438,519742,0.4074853507831916,190514,0,166924,437214,0,82528,0
case_057,4,17645,559012,372980,0.5998034317891141,558932,0,80,351988,0,20992,0
case_058,4,1142629,13246464,35999744,0.2689844464775846,13246464,0,0,6623232,0,811008,28565504
case_059,4,185216,0,2162688,0.0,0,0,0,1081344,0,1081344,0
case_060,4,229535,2648448,2961064,0.4721351875172029,2648448,0,0,2098728,0,98304,764032
case_061,4,22111,50688,544036,0.08522945097221568,50688,0,0,544036,0,0,0
case_062,4,716754,9216,13440000,0.0006852444038373687,9216,0,0,13440000,0,0,0
case_063,4,270081,9216,5047296,0.0018226002430133657,9216,0,0,5047296,0,0,0
case_064,4,11227,32466,77446,0.29538175995341726,13106,0,19360,60486,0,16960,0
case_065,4,11760,32256,308936,0.09453914511477408,32256,0,0,299720,0,9216,0
case_066,4,131603,832322,1614350,0.3401853619937613,520498,0,311824,1331980,0,282370,0
case_067,4,15040197,11157888,6333568,0.6379050434680795,11157888,0,0,6326656,0,6912,0
case_068,4,120739,1123484,4146736,0.21317592054980627,773600,0,349884,3038894,0,1104768,3074
case_069,4,10301,166576,231752,0.4181880259484646,132304,0,34272,220518,0,11234,0
case_070,4,29097,65536,618514,0.09580586214458008,65536,0,0,419858,0,198656,0
case_071,4,8702,96016,190566,0.3350384881116051,68560,0,27456,175974,0,14592,0
case_072,4,5928167,25010176,111608054,0.18306616913423635,25010176,0,0,11426638,0,0,100181416
case_073,4,2123315,11161344,3884800,0.7418076020008847,11161344,0,0,3881344,0,3456,0
case_074,4,405309,3444736,8151064,0.29706755894375547,3444736,0,0,3776536,0,262144,4112384
case_075,4,383543,2694928,2983944,0.47455339722395573,1819920,0,875008,2667398,0,316546,0
case_076,4,1529902,12544000,23776256,0.3453720149990132,12544000,0,0,4269056,0,91136,19416064
case_077,4,131477,150,2272076,6.60145601713914e-05,150,0,0,2157388,0,57344,57344
case_078,4,523593,905616,8910960,0.09225375528086371,758160,0,147456,3192960,0,5718000,0
case_079,4,7635624,0,36257792,0.0,0,0,0,5812224,0,10948608,19496960
case_080,4,79590,1474560,2777088,0.3468208092485549,1474560,0,0,2347008,0,61440,368640
case_081,4,39588,0,1044820,0.0,0,0,0,1044820,0,0,0
case_082,4,215536,969106,940038,0.5076128359097062,578962,0,390144,884486,0,55552,0
case_083,4,210763,2790336,1185216,0.7018738529894717,2790336,0,0,1184352,0,864,0
case_084,4,629028,0,9927786,0.0,0,0,0,9927786,0,0,0
case_085,4,816273,3351568,3350152,0.5001056445211081,1709328,0,1642240,3127814,0,222338,0
case_086,4,38643,450160,727304,0.3823131747552367,238192,0,211968,535110,0,192194,0
case_087,4,1135476,11801564,13265544,0.4707987854043634,10451660,0,1349904,7025808,0,773446,5466290
case_088,4,88285,746962,2923298,0.20351746197817047,551826,0,195136,2030178,0,893120,0
case_089,4,148144,0,1118720,0.0,0,0,0,402560,0,716160,0
case_090,4,259720,1819944,6813912,0.21079156288916562,1819944,0,0,2188416,0,4625496,0
case_091,4,2317037,21751072,53805440,0.2878781910948986,21751072,0,0,6535680,0,2680544,44589216
case_092,4,957454,1712192,3860800,0.30723029927191714,1712192,0,0,2781792,0,1079008,0
case_093,4,19779,0,598016,0.0,0,0,0,573440,0,24576,0
case_094,4,19544,246336,543520,0.3118745695417899,246336,0,0,471328,0,72192,0
case_095,4,524422,0,8516508,0.0,0,0,0,8516508,0,0,0
case_096,4,26984,0,210260,0.0,0,0,0,210260,0,0,0
case_097,4,2626908,770048,17711104,0.041666666666666664,770048,0,0,4259840,0,7667712,5783552
case_098,4,64155,454704,1108620,0.2908571735609509,389134,0,65570,1108620,0,0,0
case_099,4,404548,7204864,5146880,0.5833074260606438,7204864,0,0,2533632,0,16384,2596864
case_100,4,49109,767564,810340,0.48644530972733446,677386,0,90178,764772,0,45568,0
case_001,5,47502,0,824960,0.0,0,0,0,820352,0,4608,0
case_002,5,54581,23040,1324032,0.01710376282782212,23040,0,0,1305600,0,0,18432
case_003,5,179646,1632018,2405900,0.4041731407126148,1075474,0,556544,1814924,0,590976,0
case_004,5,83319,0,893952,0.0,0,0,0,451584,0,442368,0
case_005,5,35497,298966,559880,0.3481019880164779,179926,0,119040,480582,0,79298,0
case_006,5,22533,549200,771800,0.4157456472369417,549132,0,68,681560,0,90240,0
case_007,5,203834,0,990720,0.0,0,0,0,880128,0,110592,0
case_008,5,71833,0,1990872,0.0,0,0,0,1990872,0,0,0
case_009,5,48320,433044,720046,0.3755509110303619,284280,0,148764,595854,0,124192,0
case_010,5,22007,348292,560218,0.3833661709832583,340096,0,8196,522202,0,38016,0
case_011,5,40551,643072,1179648,0.35280898876404493,643072,0,0,909312,0,270336,0
case_012,5,13281,143310,511318,0.21891822531269667,143298,0,12,496404,0,14914,0
case_013,5,54363,0,2056192,0.0,0,0,0,2023424,0,32768,0
case_014,5,3632901,13046784,57410424,0.18517316212700338,13046784,0,0,9928920,0,0,47481504
case_015,5,42014,252416,950018,0.2099208771541723,252416,0,0,884482,0,65536,0
case_016,5,6103967,557662,17892850,0.0302247438987059,557056,0,606,17860082,0,32768,0
case_017,5,29386,76800,785486,0.08906557685037216,76800,0,0,535118,0,250368,0
case_018,5,204343,2371584,2882836,0.4513502917543706,2371584,0,0,1592596,0,270336,1019904
case_019,5,17497,166944,346678,0.3250328062271476,132128,0,34816,307766,0,38912,0
case_020,5,107574,0,1179648,0.0,0,0,0,1179648,0,0,0
case_021,5,1249380,7858176,5928960,0.5699643493761141,7858176,0,0,2355200,0,1566720,2007040
case_022,5,12434,156212,214600,0.421270077559518,156160,0,52,213576,0,1024,0
case_023,5,21898,192132,642770,0.23012521230036578,190080,0,2052,575698,0,67072,0
case_024,5,1577373,1409548,14911314,0.08636480107484519,1409024,0,524,14747456,0,18,163840
case_025,5,975282,0,4233216,0.0,0,0,0,4122624,0,110592,0
case_026,5,38423,386768,757198,0.3380939643311077,362192,0,24576,732622,0,24576,0
case_027,5,487450,3033088,7196672,0.2964964964964965,3033088,0,0,5480448,0,708608,1007616
case_028,5,7991196,6443496,8157336,0.4413101938300502,6443496,0,0,6006912,0,2150424,0
case_029,5,9164,63492,262260,0.19490901053562218,63488,0,4,258164,0,4096,0
case_030,5,560550,8307712,5673984,0.5941848542551633,8307712,0,0,2393088,0,100352,3180544
case_031,5,293738,2248704,4753012,0.32116469733990927,2248704,0,0,2184820,0,202752,2365440
case_032,5,10350,0,279156,0.0,0,0,0,279156,0,0,0
case_033,5,356085,4051584,6949424,0.3682920692358373,4051584,0,0,2889776,0,284160,3775488
case_034,5,164310,2856962,3596854,0.4426779443355683,2856962,0,0,2907702,0,60416,628736
case_035,5,63503,699516,575906,0.5484584710001866,572024,0,127492,528258,0,47648,0
case_036,5,187182,0,3282560,0.0,0,0,0,3277952,0,4608,0
case_037,5,43013,0,1843200,0.0,0,0,0,532480,0,1310720,0
case_038,5,271662,4806144,7397898,0.39381575382975575,4806144,0,0,2794506,0,125952,4477440
case_039,5,302347,3518464,11833344,0.2291889007470651,3518464,0,0,4542464,0,495616,6795264
case_040,5,101948,419688,1604896,0.20729591856895047,287442,0,132246,1578096,0,26800,0
case_041,5,1191841,14813184,30587904,0.3262737668313147,14813184,0,0,4948992,0,239616,25399296
case_042,5,342039,4386816,7002912,0.38515546639919757,4386816,0,0,3027744,0,119808,3855360
case_043,5,171690,2875166,2454446,0.5394700402205639,2191726,0,683440,1916588,0,509696,28162
case_044,5,40054,3215936,1174208,0.7325354248061111,3204416,3840,7680,1023584,0,150624,0
case_045,5,26088,0,278528,0.0,0,0,0,278528,0,0,0
case_046,5,76653,1899200,1160640,0.6206860489437356,1894080,0,5120,1145952,0,14688,0
case_047,5,99665,871832,1203782,0.4200357099152347,287448,0,584384,769734,0,434048,0
case_048,5,142969,334450,1018790,0.2471475865330614,125586,0,208864,970342,0,48448,0
case_049,5,58817,282134,358272,0.44055489798658976,83542,0,198592,291646,0,66626,0
case_050,5,43605,246134,452628,0.352242966847081,163506,0,82628,406740,0,45888,0
case_051,5,344572,393262,1310864,0.23077049466999505,393216,0,46,1310864,0,0,0
case_052,5,30397,179712,925244,0.1626417703510366,179712,0,0,810044,0,115200,0
case_053,5,365951,3904088,9312774,0.29538690802703393,2481752,0,1422336,5886342,0,3397632,28800
case_054,5,243498,872462,2258634,0.278644283024219,356494,0,515968,2026374,0,219460,12800
case_055,5,24606,345114,678458,0.337166315608477,345090,0,24,654906,0,23552,0
case_056,5,75480,544558,530496,0.5065401365884876,209974,0,334584,440286,0,90210,0
case_057,5,15428,659436,374004,0.6380980027868091,659316,0,120,348916,0,25088,0
case_058,5,947187,901120,37441536,0.023501762632197415,901120,0,0,6623232,0,0,30818304
case_059,5,150665,4298752,1107968,0.7950757575757575,4298752,0,0,1081344,0,26624,0
case_060,5,179018,2886016,3251880,0.47019630179462146,2886016,0,0,2098728,0,18432,1134720
case_061,5,18802,171544,624072,0.2156115513011302,171520,0,24,620872,0,3200,0
case_062,5,574337,9216,13438464,0.0006853226727584238,9216,0,0,13438464,0,0,0
case_063,5,213041,4608,5274624,0.0008728542333430317,4608,0,0,5127168,0,0,147456
case_064,5,11227,32466,77446,0.29538175995341726,13106,0,19360,60486,0,16960,0
case_065,5,10499,41472,313544,0.11681727020753994,41472,0,0,299720,0,13824,0
case_066,5,107074,984012,1686448,0.3684803367210144,541292,0,442720,1333260,0,353188,0
case_067,5,12497325,3719296,17272576,0.17717790962140012,3719296,0,0,6105472,0,11167104,0
case_068,5,113021,1295778,4199352,0.23580479442706542,846384,0,449394,3035822,0,1163528,2
case_069,5,9903,167156,177030,0.4856560115751367,109364,0,57792,156294,0,20736,0
case_070,5,26399,266530,759846,0.259680662837011,266500,0,30,503328,0,256518,0
case_071,5,8425,47920,223878,0.17630740476383197,19408,0,28512,139398,0,84480,0
case_072,5,4776264,45891584,95212606,0.32523190133475127,45891584,0,0,11093006,0,24576,84095024
case_073,5,1705058,14814976,3952768,0.7893850214495679,14814976,0,0,3881344,0,71424,0
case_074,5,332111,5431296,6135832,0.4695457679728278,5431296,0,0,4288536,0,36864,1810432
case_075,5,362317,2669592,3440390,0.43692305476513676,1352984,0,1316608,2654086,0,786304,0
case_076,5,1230166,14898176,23549952,0.38748768210509493,14898176,0,0,4269056,0,155648,19125248
case_077,5,114398,707918,2636110,0.21169619393139052,493502,0,214416,2298652,0,329584,7874
case_078,5,457569,4455408,8022672,0.35705877827358057,4387824,0,67584,3312768,0,4703760,6144
case_079,5,6075472,13060096,40429568,0.2441611149398882,13060096,0,0,5812224,0,2439168,32178176
case_080,5,70042,2269184,3006464,0.4301242236024845,2269184,0,0,2072576,0,114688,819200
case_081,5,30943,0,1044820,0.0,0,0,0,1044820,0,0,0
case_082,5,197346,1252760,1161478,0.5189049298370749,550296,0,702464,909062,0,252416,0
case_083,5,184990,930112,3975840,0.18958848353999386,930112,0,0,1184352,0,2791488,0
case_084,5,503472,0,9927786,0.0,0,0,0,9927786,0,0,0
case_085,5,816273,3351568,3350152,0.5001056445211081,1709328,0,1642240,3127814,0,222338,0
case_086,5,38643,450160,727304,0.3823131747552367,238192,0,211968,535110,0,192194,0
case_087,5,894365,3124224,9775580,0.24219158678690003,3124224,0,0,5918684,0,0,3856896
case_088,5,77530,758864,3002666,0.20174343950466964,477712,0,281152,2024034,0,978632,0
case_089,5,119458,0,1357440,0.0,0,0,0,402560,0,954880,0
case_090,5,259720,1819944,6813912,0.21079156288916562,1819944,0,0,2188416,0,4625496,0
case_091,5,1884651,24933888,54768640,0.31283685255253135,24933888,0,0,6535680,0,3908608,44324352
case_092,5,771848,2688256,3241696,0.45333520406236005,2688256,0,0,2208352,0,1033344,0
case_093,5,15876,0,606208,0.0,0,0,0,573440,0,32768,0
case_094,5,18350,360576,535840,0.4022418162995752,360576,0,0,471328,0,64512,0
case_095,5,420852,0,8516508,0.0,0,0,0,8516508,0,0,0
case_096,5,24477,487044,465274,0.5114300055233651,437888,0,49156,382584,0,82690,0
case_097,5,2102250,6270976,19300352,0.24523466282236103,6270976,0,0,4259840,0,1222656,13817856
case_098,5,56819,725070,1350316,0.3493663347444764,638986,0,86084,1227430,0,24582,98304
case_099,5,327016,7315456,5994752,0.5496124478295155,7315456,0,0,2533632,0,237568,3223552
case_100,5,46608,1387876,746882,0.6501327082507713,1305872,0,82004,692096,0,54786,0
