case,knob,value,is_default,problem,num_cores,sensitivity,runtime_s,feasible,makespan,added_copy_bytes,cache_hit_rate
case_001,bandwidth,60,True,2,4,True,0.164,True,58984,3456,
case_001,L1,524288,True,2,4,True,0.147,True,58984,3456,
case_001,UB,131072,True,2,4,True,0.157,True,58984,3456,
case_001,bandwidth,15,False,2,4,True,0.322,True,109908,3456,
case_001,bandwidth,240,False,2,4,True,0.271,True,58516,3456,
case_001,bandwidth,30,False,2,4,True,0.353,True,59604,3456,
case_001,bandwidth,120,False,2,4,True,0.33,True,58672,3456,
case_001,cache_capacity_bytes,1048576,True,3,4,True,0.155,True,58984,3456,0.0
case_001,L1,2097152,False,2,4,True,0.286,True,58984,3456,
case_001,UB,262144,False,2,4,True,0.27,True,58984,3456,
case_001,L1,1048576,False,2,4,True,0.318,True,58984,3456,
case_001,L1,262144,False,2,4,True,0.338,True,58984,3456,
case_001,UB,65536,False,2,4,True,0.281,True,58984,3456,
case_001,L1,131072,False,2,4,True,0.365,True,58984,3456,
case_001,UB,524288,False,2,4,True,0.313,True,58984,3456,
case_001,UB,32768,False,2,4,True,0.354,True,58984,3456,
case_001,cache_capacity_bytes,65536,False,3,4,True,0.34,True,58984,3456,0.0
case_001,cache_bandwidth_bytes_per_cycle,250,True,3,4,True,0.161,True,58984,3456,0.0
case_001,cache_capacity_bytes,262144,False,3,4,True,0.368,True,58984,3456,0.0
case_001,cross_core_copy_delay_cycles,500,True,2,4,True,0.154,True,58984,3456,
case_001,cache_capacity_bytes,4194304,False,3,4,True,0.324,True,58984,3456,0.0
case_001,cache_bandwidth_bytes_per_cycle,60,False,3,4,True,0.308,True,58984,3456,0.0
case_001,cache_bandwidth_bytes_per_cycle,125,False,3,4,True,0.298,True,58984,3456,0.0
case_001,task_cross_core_wait_cycles,1000,True,1,4,True,0.141,True,58984,3456,
case_001,cross_core_copy_delay_cycles,0,False,2,4,True,0.268,True,58984,3456,
case_001,cross_core_copy_delay_cycles,8000,False,2,4,True,0.25,True,58984,3456,
case_001,cache_capacity_bytes,16777216,False,3,4,True,0.372,True,58984,3456,0.0
case_001,cache_bandwidth_bytes_per_cycle,500,False,3,4,True,0.304,True,58984,3456,0.0
case_001,cross_core_copy_delay_cycles,125,False,2,4,True,0.336,True,58984,3456,
case_001,cache_bandwidth_bytes_per_cycle,1000,False,3,4,True,0.351,True,58984,3456,0.0
case_001,cross_core_copy_delay_cycles,2000,False,2,4,True,0.349,True,58984,3456,
case_001,task_cross_core_wait_cycles,0,False,1,4,True,0.366,True,58984,3456,
case_001,task_cross_core_wait_cycles,16000,False,1,4,True,0.319,True,58984,3456,
case_001,task_cross_core_wait_cycles,250,False,1,4,True,0.389,True,58984,3456,
case_001,task_cross_core_wait_cycles,4000,False,1,4,True,0.397,True,58984,3456,
case_003,bandwidth,60,True,2,4,True,4.793,True,202683,3646612,
case_003,L1,524288,True,2,4,True,4.798,True,202683,3646612,
case_003,UB,131072,True,2,4,True,4.672,True,202683,3646612,
case_003,cache_capacity_bytes,1048576,True,3,4,True,4.82,True,201941,3646612,0.42385556730623963
case_003,L1,2097152,False,2,4,True,15.634,True,202683,3646612,
case_003,L1,1048576,False,2,4,True,16.121,True,202683,3646612,
case_003,UB,524288,False,2,4,True,16.135,True,202683,3646612,
case_003,L1,131072,False,2,4,True,16.502,True,202308,3646612,
case_003,UB,262144,False,2,4,True,16.575,True,202683,3646612,
case_003,bandwidth,120,False,2,4,True,16.795,True,199025,3646612,
case_003,bandwidth,240,False,2,4,True,16.805,True,197334,3927966,
case_003,UB,65536,False,2,4,True,16.874,True,202683,3646612,
case_003,L1,262144,False,2,4,True,17.029,True,202683,3646612,
case_003,cache_capacity_bytes,65536,False,3,4,True,16.896,True,202269,3646612,0.3260368139043476
case_003,UB,32768,False,2,4,True,17.007,True,202746,3647124,
case_003,bandwidth,30,False,2,4,True,17.624,True,297271,2769298,
case_003,bandwidth,15,False,2,4,True,17.734,True,384506,2457746,
case_003,cache_capacity_bytes,262144,False,3,4,True,16.171,True,202312,3646612,0.3848468605322577
case_003,cache_capacity_bytes,4194304,False,3,4,True,16.248,True,201941,3646612,0.42385556730623963
case_003,cache_bandwidth_bytes_per_cycle,250,True,3,4,True,4.866,True,201941,3646612,0.42385556730623963
case_003,cross_core_copy_delay_cycles,500,True,2,4,True,4.859,True,202683,3646612,
case_003,task_cross_core_wait_cycles,1000,True,1,4,True,4.867,True,225768,3757030,
case_005,bandwidth,60,True,2,4,True,2.355,True,57555,706098,
case_003,cache_capacity_bytes,16777216,False,3,4,True,16.098,True,201941,3646612,0.42385556730623963
case_005,bandwidth,15,False,2,4,True,5.882,True,89962,336010,
case_005,bandwidth,30,False,2,4,True,5.779,True,76875,637746,
case_005,bandwidth,120,False,2,4,True,5.57,True,40014,1236978,
case_003,cross_core_copy_delay_cycles,0,False,2,4,True,14.187,True,198840,3646612,
case_005,bandwidth,240,False,2,4,True,5.58,True,39511,1236978,
case_003,cache_bandwidth_bytes_per_cycle,60,False,3,4,True,15.845,True,201995,3646612,0.5110102299937705
case_003,cache_bandwidth_bytes_per_cycle,125,False,3,4,True,15.809,True,201888,3646612,0.45140597739591504
case_003,cache_bandwidth_bytes_per_cycle,500,False,3,4,True,15.642,True,201896,3646612,0.4084909155254591
case_003,cross_core_copy_delay_cycles,125,False,2,4,True,15.629,True,199594,3646612,
case_003,cross_core_copy_delay_cycles,8000,False,2,4,True,15.604,True,319502,3646612,
case_003,cross_core_copy_delay_cycles,2000,False,2,4,True,15.657,True,222304,3646612,
case_003,cache_bandwidth_bytes_per_cycle,1000,False,3,4,True,15.976,True,201891,3646612,0.3960071359535749
case_005,L1,524288,True,2,4,True,2.37,True,57555,706098,
case_005,L1,131072,False,2,4,True,5.911,True,57555,706098,
case_005,L1,262144,False,2,4,True,5.898,True,57555,706098,
case_005,UB,131072,True,2,4,True,2.373,True,57555,706098,
case_005,cache_capacity_bytes,1048576,True,3,4,True,2.192,True,41622,1236978,0.4472802072223069
case_005,L1,1048576,False,2,4,True,5.716,True,57555,706098,
case_005,L1,2097152,False,2,4,True,5.724,True,57555,706098,
case_005,UB,32768,False,2,4,True,5.86,True,59591,736434,
case_005,UB,65536,False,2,4,True,5.756,True,57555,706098,
case_005,UB,262144,False,2,4,True,5.541,True,57555,706098,
case_005,UB,524288,False,2,4,True,5.372,True,57555,706098,
case_005,cache_capacity_bytes,262144,False,3,4,True,5.991,True,41622,1236978,0.4472802072223069
case_005,cache_capacity_bytes,65536,False,3,4,True,5.988,True,41623,1236978,0.3804082047263519
case_005,cache_capacity_bytes,4194304,False,3,4,True,6.022,True,41622,1236978,0.4472802072223069
case_005,cache_bandwidth_bytes_per_cycle,250,True,3,4,True,2.394,True,41622,1236978,0.4472802072223069
case_005,cache_capacity_bytes,16777216,False,3,4,True,6.009,True,41622,1236978,0.4472802072223069
case_005,cache_bandwidth_bytes_per_cycle,60,False,3,4,True,6.483,True,41798,1236978,0.4686119152826451
case_005,cross_core_copy_delay_cycles,500,True,2,4,True,3.013,True,57555,706098,
case_005,cache_bandwidth_bytes_per_cycle,125,False,3,4,True,6.366,True,41706,1236978,0.4542456629154786
case_003,task_cross_core_wait_cycles,0,False,1,4,True,24.671,True,207832,3757030,
case_005,task_cross_core_wait_cycles,1000,True,1,4,True,3.049,True,70367,1029162,
case_005,cross_core_copy_delay_cycles,0,False,2,4,True,5.558,True,54729,761202,
case_007,bandwidth,60,True,2,4,True,0.739,True,254398,82944,
case_003,task_cross_core_wait_cycles,250,False,1,4,True,26.163,True,212895,3757030,
case_007,bandwidth,15,False,2,4,True,2.524,True,260437,82944,
case_005,cache_bandwidth_bytes_per_cycle,500,False,3,4,True,6.826,True,41626,1236978,0.44275266102174526
case_005,cache_bandwidth_bytes_per_cycle,1000,False,3,4,True,6.711,True,41631,1236978,0.44379747937572106
case_007,bandwidth,30,False,2,4,True,2.57,True,256396,82944,
case_005,cross_core_copy_delay_cycles,125,False,2,4,True,6.572,True,55530,706098,
case_007,L1,524288,True,2,4,True,0.704,True,254398,82944,
case_005,cross_core_copy_delay_cycles,8000,False,2,4,True,6.79,True,108902,658674,
case_005,cross_core_copy_delay_cycles,2000,False,2,4,True,6.856,True,72306,654642,
case_007,bandwidth,120,False,2,4,True,2.534,True,253971,82944,
case_007,bandwidth,240,False,2,4,True,2.563,True,253777,82944,
case_007,UB,131072,True,2,4,True,0.681,True,254398,82944,
case_007,L1,131072,False,2,4,True,2.522,True,254398,82944,
case_007,L1,262144,False,2,4,True,2.489,True,254398,82944,
case_005,task_cross_core_wait_cycles,0,False,1,4,True,7.466,True,57766,1238152,
case_007,L1,1048576,False,2,4,True,2.44,True,254398,82944,
case_007,L1,2097152,False,2,4,True,2.355,True,254398,82944,
case_007,cache_capacity_bytes,1048576,True,3,4,True,0.743,True,254398,82944,0.0
case_003,task_cross_core_wait_cycles,4000,False,1,4,True,26.367,True,276761,4092020,
case_007,UB,32768,False,2,4,True,2.605,True,254398,82944,
case_007,UB,65536,False,2,4,True,2.582,True,254398,82944,
case_003,task_cross_core_wait_cycles,16000,False,1,4,True,26.434,True,480751,4092020,
case_005,task_cross_core_wait_cycles,250,False,1,4,True,8.571,True,62979,1119820,
case_007,cache_bandwidth_bytes_per_cycle,250,True,3,4,True,0.819,True,254398,82944,0.0
case_007,UB,262144,False,2,4,True,2.468,True,254398,82944,
case_007,UB,524288,False,2,4,True,2.505,True,254398,82944,
case_007,cross_core_copy_delay_cycles,500,True,2,4,True,0.856,True,254398,82944,
case_007,cache_capacity_bytes,65536,False,3,4,True,2.687,True,254398,82944,0.0
case_007,cache_capacity_bytes,262144,False,3,4,True,2.645,True,254398,82944,0.0
case_007,cache_capacity_bytes,4194304,False,3,4,True,2.603,True,254398,82944,0.0
case_007,cache_capacity_bytes,16777216,False,3,4,True,2.613,True,254398,82944,0.0
case_007,cache_bandwidth_bytes_per_cycle,125,False,3,4,True,2.586,True,254398,82944,0.0
case_007,task_cross_core_wait_cycles,1000,True,1,4,True,0.723,True,254398,82944,
case_007,cache_bandwidth_bytes_per_cycle,60,False,3,4,True,2.733,True,254398,82944,0.0
case_005,task_cross_core_wait_cycles,4000,False,1,4,True,8.476,True,85751,1015178,
case_005,task_cross_core_wait_cycles,16000,False,1,4,True,8.528,True,141009,439864,
case_007,cross_core_copy_delay_cycles,0,False,2,4,True,2.363,True,254398,82944,
case_007,cache_bandwidth_bytes_per_cycle,1000,False,3,4,True,2.439,True,254398,82944,0.0
case_007,cache_bandwidth_bytes_per_cycle,500,False,3,4,True,2.595,True,254398,82944,0.0
case_007,cross_core_copy_delay_cycles,125,False,2,4,True,2.489,True,254398,82944,
case_007,cross_core_copy_delay_cycles,2000,False,2,4,True,2.397,True,254398,82944,
case_007,cross_core_copy_delay_cycles,8000,False,2,4,True,2.492,True,254398,82944,
case_007,task_cross_core_wait_cycles,0,False,1,4,True,3.656,True,254398,82944,
case_009,bandwidth,60,True,2,4,True,2.783,True,69645,747930,
case_007,task_cross_core_wait_cycles,250,False,1,4,True,3.978,True,254398,82944,
case_009,L1,524288,True,2,4,True,2.83,True,69645,747930,
case_007,task_cross_core_wait_cycles,4000,False,1,4,True,3.882,True,254398,82944,
case_007,task_cross_core_wait_cycles,16000,False,1,4,True,3.891,True,254398,82944,
case_009,UB,131072,True,2,4,True,2.799,True,69645,747930,
case_009,cache_capacity_bytes,1048576,True,3,4,True,2.929,True,69198,747930,0.3528917539946839
case_009,bandwidth,120,False,2,4,True,9.095,True,68757,747930,
case_009,bandwidth,15,False,2,4,True,9.459,True,112740,65188,
case_009,bandwidth,30,False,2,4,True,9.315,True,90373,408586,
case_009,bandwidth,240,False,2,4,True,9.122,True,68563,747930,
case_009,L1,262144,False,2,4,True,9.043,True,69645,747930,
case_009,L1,131072,False,2,4,True,9.056,True,69645,747930,
case_009,L1,1048576,False,2,4,True,8.943,True,69645,747930,
case_009,L1,2097152,False,2,4,True,8.88,True,69645,747930,
case_009,UB,32768,False,2,4,True,9.058,True,70148,747930,
case_009,UB,65536,False,2,4,True,8.964,True,69875,747930,
case_009,UB,524288,False,2,4,True,8.5,True,69491,747930,
case_009,UB,262144,False,2,4,True,8.958,True,69491,747930,
case_009,cache_bandwidth_bytes_per_cycle,250,True,3,4,True,3.133,True,69198,747930,0.3528917539946839
case_009,cross_core_copy_delay_cycles,500,True,2,4,True,2.927,True,69645,747930,
case_009,cache_capacity_bytes,65536,False,3,4,True,9.44,True,69398,747930,0.17444089700895177
case_009,cache_capacity_bytes,262144,False,3,4,True,9.471,True,69387,747930,0.23898979560661146
case_012,bandwidth,15,False,2,4,True,1.376,True,39336,6728,
case_009,cache_capacity_bytes,4194304,False,3,4,True,9.911,True,69198,747930,0.3528917539946839
case_009,task_cross_core_wait_cycles,1000,True,1,4,True,3.27,True,89196,778468,
case_012,bandwidth,30,False,2,4,True,1.558,True,21743,6728,
case_012,bandwidth,60,True,2,4,True,0.628,True,18089,73016,
case_009,cache_capacity_bytes,16777216,False,3,4,True,9.648,True,69198,747930,0.3528917539946839
case_012,bandwidth,120,False,2,4,True,1.38,True,18197,320826,
case_012,bandwidth,240,False,2,4,True,1.435,True,17734,320826,
case_012,L1,131072,False,2,4,True,1.559,True,18089,73016,
case_012,L1,524288,True,2,4,True,0.612,True,18089,73016,
case_012,L1,262144,False,2,4,True,1.567,True,18089,73016,
case_009,cross_core_copy_delay_cycles,0,False,2,4,True,8.449,True,62345,747930,
case_012,UB,131072,True,2,4,True,0.61,True,18089,73016,
case_012,L1,1048576,False,2,4,True,1.494,True,18089,73016,
case_012,L1,2097152,False,2,4,True,1.588,True,18089,73016,
case_009,cross_core_copy_delay_cycles,125,False,2,4,True,9.729,True,63783,747930,
case_009,cache_bandwidth_bytes_per_cycle,500,False,3,4,True,10.02,True,69181,747930,0.3502031713054902
case_012,UB,65536,False,2,4,True,1.632,True,18089,73016,
case_012,UB,32768,False,2,4,True,1.659,True,18554,81216,
case_009,cache_bandwidth_bytes_per_cycle,60,False,3,4,True,10.258,True,69329,747930,0.4037304084812563
case_009,cache_bandwidth_bytes_per_cycle,1000,False,3,4,True,10.311,True,69174,747930,0.3511789282331734
case_009,cache_bandwidth_bytes_per_cycle,125,False,3,4,True,10.405,True,69207,747930,0.3722006660352571
case_012,UB,262144,False,2,4,True,1.427,True,18089,73016,
case_012,cache_capacity_bytes,1048576,True,3,4,True,0.599,True,18738,165780,0.2138960005965549
case_009,cross_core_copy_delay_cycles,2000,False,2,4,True,10.105,True,100830,149764,
case_012,cache_bandwidth_bytes_per_cycle,250,True,3,4,True,0.594,True,18738,165780,0.2138960005965549
case_012,UB,524288,False,2,4,True,1.52,True,18089,73016,
case_009,cross_core_copy_delay_cycles,8000,False,2,4,True,10.113,True,112831,149764,
case_012,cache_capacity_bytes,65536,False,3,4,True,1.51,True,18832,165780,0.0781580124779399
case_012,cache_capacity_bytes,4194304,False,3,4,True,1.486,True,18738,165780,0.2138960005965549
case_012,cache_capacity_bytes,16777216,False,3,4,True,1.496,True,18738,165780,0.2138960005965549
case_012,cache_capacity_bytes,262144,False,3,4,True,1.615,True,18738,165780,0.13434602669583157
case_012,cross_core_copy_delay_cycles,500,True,2,4,True,0.592,True,18089,73016,
case_012,cache_bandwidth_bytes_per_cycle,60,False,3,4,True,1.677,True,18831,165780,0.22880987298352018
case_012,cache_bandwidth_bytes_per_cycle,125,False,3,4,True,1.628,True,18760,165780,0.21210633591011907
case_012,cache_bandwidth_bytes_per_cycle,500,False,3,4,True,1.54,True,18738,165780,0.2138960005965549
case_012,cross_core_copy_delay_cycles,0,False,2,4,True,1.335,True,18387,73000,
case_012,task_cross_core_wait_cycles,1000,True,1,4,True,0.621,True,19624,84540,
case_012,cache_bandwidth_bytes_per_cycle,1000,False,3,4,True,1.606,True,18738,165780,0.2138960005965549
case_012,cross_core_copy_delay_cycles,125,False,2,4,True,1.72,True,18387,73000,
case_012,cross_core_copy_delay_cycles,2000,False,2,4,True,1.564,True,19589,73016,
case_012,cross_core_copy_delay_cycles,8000,False,2,4,True,1.474,True,25589,73016,
case_012,task_cross_core_wait_cycles,0,False,1,4,True,2.155,True,18713,84528,
case_012,task_cross_core_wait_cycles,250,False,1,4,True,2.272,True,18905,84528,
case_012,task_cross_core_wait_cycles,4000,False,1,4,True,2.236,True,22624,84540,
case_012,task_cross_core_wait_cycles,16000,False,1,4,True,2.256,True,34624,84540,
case_009,task_cross_core_wait_cycles,0,False,1,4,True,11.791,True,66585,778468,
case_009,task_cross_core_wait_cycles,250,False,1,4,True,13.153,True,71855,778468,
case_009,task_cross_core_wait_cycles,16000,False,1,4,True,13.637,True,130243,154952,
case_009,task_cross_core_wait_cycles,4000,False,1,4,True,13.74,True,106243,154952,
case_016,bandwidth,60,True,2,4,True,5.497,True,7718670,1179660,
case_016,L1,524288,True,2,4,True,5.266,True,7718670,1179660,
case_016,UB,131072,True,2,4,True,5.073,True,7718670,1179660,
case_016,UB,32768,False,2,4,True,5.966,False,,,
case_016,cache_capacity_bytes,1048576,True,3,4,True,5.233,True,7718670,1179660,0.6874973774056343
case_016,bandwidth,15,False,2,4,True,14.859,True,7728722,1179660,
case_016,bandwidth,30,False,2,4,True,14.692,True,7720854,1179660,
case_016,bandwidth,120,False,2,4,True,15.002,True,7717578,1179660,
case_016,bandwidth,240,False,2,4,True,15.108,True,7717030,1179660,
case_016,L1,262144,False,2,4,True,15.877,True,7718670,44072972,
case_016,L1,2097152,False,2,4,True,15.089,True,7718670,1179660,
case_016,L1,131072,False,2,4,True,16.382,True,7718670,87195660,
case_016,L1,1048576,False,2,4,True,15.562,True,7718670,1179660,
case_016,UB,262144,False,2,4,True,14.871,True,7718670,1179660,
case_016,UB,524288,False,2,4,True,15.936,True,7718670,1179660,
case_016,cache_capacity_bytes,65536,False,3,4,True,16.024,True,7718670,1179660,0.0
case_016,cache_bandwidth_bytes_per_cycle,250,True,3,4,True,6.111,True,7718670,1179660,0.6874973774056343
case_016,cache_capacity_bytes,262144,False,3,4,True,15.472,True,7718670,1179660,0.0
case_016,cross_core_copy_delay_cycles,500,True,2,4,True,6.457,True,7718670,1179660,
case_016,cache_capacity_bytes,4194304,False,3,4,True,16.751,True,7718670,1179660,0.6874973774056343
case_016,UB,65536,False,2,4,True,21.988,True,7718823,1200370,
case_016,cache_capacity_bytes,16777216,False,3,4,True,16.944,True,7718670,1179660,0.6874973774056343
case_019,bandwidth,30,False,2,4,True,0.893,True,26074,173316,
case_019,bandwidth,15,False,2,4,True,0.972,True,27239,100868,
case_019,bandwidth,60,True,2,4,True,0.337,True,25527,173316,
case_019,bandwidth,120,False,2,4,True,0.841,True,24880,650340,
case_019,bandwidth,240,False,2,4,True,0.827,True,24682,650340,
case_019,L1,131072,False,2,4,True,0.916,True,25527,173316,
case_019,L1,524288,True,2,4,True,0.346,True,25527,173316,
case_019,L1,262144,False,2,4,True,0.828,True,25527,173316,
case_019,L1,1048576,False,2,4,True,0.823,True,25527,173316,
case_019,L1,2097152,False,2,4,True,0.905,True,25527,173316,
case_019,UB,131072,True,2,4,True,0.324,True,25527,173316,
case_019,UB,32768,False,2,4,True,0.978,True,25518,173316,
case_016,task_cross_core_wait_cycles,1000,True,1,4,True,6.77,True,7720170,1179660,
case_019,UB,65536,False,2,4,True,0.935,True,25472,173316,
case_019,UB,262144,False,2,4,True,0.945,True,25527,173316,
case_019,UB,524288,False,2,4,True,0.859,True,25527,173316,
case_019,cache_capacity_bytes,65536,False,3,4,True,0.919,True,25527,173316,0.028338372342412776
case_019,cache_capacity_bytes,1048576,True,3,4,True,0.277,True,25527,173316,0.16028891856177224
case_019,cache_capacity_bytes,262144,False,3,4,True,0.948,True,25527,173316,0.16028891856177224
case_019,cache_capacity_bytes,4194304,False,3,4,True,0.851,True,25527,173316,0.16028891856177224
case_019,cache_bandwidth_bytes_per_cycle,60,False,3,4,True,0.713,True,25527,173316,0.16028891856177224
case_019,cache_capacity_bytes,16777216,False,3,4,True,0.843,True,25527,173316,0.16028891856177224
case_019,cache_bandwidth_bytes_per_cycle,125,False,3,4,True,0.728,True,25527,173316,0.16028891856177224
case_019,cache_bandwidth_bytes_per_cycle,250,True,3,4,True,0.241,True,25527,173316,0.16028891856177224
case_016,cache_bandwidth_bytes_per_cycle,60,False,3,4,True,18.826,True,7718670,1179660,0.6874973774056343
case_019,cache_bandwidth_bytes_per_cycle,1000,False,3,4,True,0.788,True,25527,173316,0.16028891856177224
case_019,cache_bandwidth_bytes_per_cycle,500,False,3,4,True,0.907,True,25527,173316,0.16028891856177224
case_019,cross_core_copy_delay_cycles,0,False,2,4,True,0.82,True,24975,173316,
case_019,cross_core_copy_delay_cycles,125,False,2,4,True,0.861,True,25101,173316,
case_019,cross_core_copy_delay_cycles,500,True,2,4,True,0.343,True,25527,173316,
case_019,task_cross_core_wait_cycles,1000,True,1,4,True,0.307,True,25631,189456,
case_019,cross_core_copy_delay_cycles,2000,False,2,4,True,0.894,True,26975,173316,
case_019,cross_core_copy_delay_cycles,8000,False,2,4,True,0.891,True,32975,173316,
case_019,task_cross_core_wait_cycles,0,False,1,4,True,0.858,True,24631,189456,
case_019,task_cross_core_wait_cycles,250,False,1,4,True,1.011,True,24881,189456,
case_019,task_cross_core_wait_cycles,4000,False,1,4,True,1.008,True,28768,189456,
case_019,task_cross_core_wait_cycles,16000,False,1,4,True,1.132,True,40768,189456,
case_016,cross_core_copy_delay_cycles,0,False,2,4,True,16.106,True,7717170,1179660,
case_020,bandwidth,60,True,2,4,True,1.235,True,133704,0,
case_016,cache_bandwidth_bytes_per_cycle,125,False,3,4,True,18.956,True,7718670,1179660,0.6874973774056343
case_016,cache_bandwidth_bytes_per_cycle,500,False,3,4,True,18.765,True,7718670,1179660,0.6874973774056343
case_016,cache_bandwidth_bytes_per_cycle,1000,False,3,4,True,18.583,True,7718670,1179660,0.6874973774056343
case_020,L1,524288,True,2,4,True,1.201,True,133704,0,
case_016,cross_core_copy_delay_cycles,125,False,2,4,True,18.24,True,7717545,1179660,
case_020,bandwidth,30,False,2,4,True,3.835,True,134248,0,
case_020,bandwidth,15,False,2,4,True,3.963,True,159356,0,
case_016,cross_core_copy_delay_cycles,2000,False,2,4,True,18.242,True,7723170,1179660,
case_020,bandwidth,120,False,2,4,True,3.986,True,133432,0,
case_020,bandwidth,240,False,2,4,True,3.874,True,133296,0,
case_016,cross_core_copy_delay_cycles,8000,False,2,4,True,18.176,True,7741170,1179660,
case_020,UB,131072,True,2,4,True,1.211,True,133704,0,
case_020,L1,131072,False,2,4,True,3.99,True,133704,0,
case_020,L1,262144,False,2,4,True,4.017,True,133704,0,
case_020,cache_capacity_bytes,1048576,True,3,4,True,1.157,True,133704,0,0.0
case_020,L1,2097152,False,2,4,True,3.762,True,133704,0,
case_020,L1,1048576,False,2,4,True,3.794,True,133704,0,
case_020,UB,32768,False,2,4,True,3.747,True,134973,0,
case_020,cache_bandwidth_bytes_per_cycle,250,True,3,4,True,1.108,True,133704,0,0.0
case_020,UB,65536,False,2,4,True,3.735,True,133704,0,
case_020,UB,262144,False,2,4,True,3.802,True,133704,0,
case_020,UB,524288,False,2,4,True,3.723,True,133704,0,
case_020,cache_capacity_bytes,65536,False,3,4,True,3.754,True,133704,0,0.0
case_020,cache_capacity_bytes,262144,False,3,4,True,3.938,True,133704,0,0.0
case_020,cross_core_copy_delay_cycles,500,True,2,4,True,1.26,True,133704,0,
case_020,cache_capacity_bytes,4194304,False,3,4,True,3.986,True,133704,0,0.0
case_020,cache_capacity_bytes,16777216,False,3,4,True,3.847,True,133704,0,0.0
case_020,cache_bandwidth_bytes_per_cycle,60,False,3,4,True,3.94,True,133704,0,0.0
case_020,cache_bandwidth_bytes_per_cycle,125,False,3,4,True,3.945,True,133704,0,0.0
case_020,task_cross_core_wait_cycles,1000,True,1,4,True,1.243,True,133704,0,
case_020,cache_bandwidth_bytes_per_cycle,500,False,3,4,True,3.92,True,133704,0,0.0
case_020,cache_bandwidth_bytes_per_cycle,1000,False,3,4,True,3.928,True,133704,0,0.0
case_020,cross_core_copy_delay_cycles,0,False,2,4,True,3.732,True,133704,0,
case_020,cross_core_copy_delay_cycles,125,False,2,4,True,3.843,True,133704,0,
case_020,cross_core_copy_delay_cycles,2000,False,2,4,True,3.844,True,133704,0,
case_020,cross_core_copy_delay_cycles,8000,False,2,4,True,3.819,True,133704,0,
case_024,bandwidth,60,True,2,4,True,1.992,True,2558490,1179660,
case_024,L1,524288,True,2,4,True,2.06,True,2558490,1179660,
case_024,bandwidth,15,False,2,4,True,4.483,True,2568542,1179660,
case_024,bandwidth,30,False,2,4,True,4.581,True,2560674,1179660,
case_024,bandwidth,120,False,2,4,True,4.718,True,2557398,1179660,
case_024,bandwidth,240,False,2,4,True,4.791,True,2556850,1179660,
case_024,L1,131072,False,2,4,True,5.248,True,2558490,28704780,
case_024,L1,262144,False,2,4,True,5.071,True,2558490,14942220,
case_024,L1,1048576,False,2,4,True,4.781,True,2558490,1179660,
case_020,task_cross_core_wait_cycles,250,False,1,4,True,8.423,True,133704,0,
case_020,task_cross_core_wait_cycles,0,False,1,4,True,8.609,True,133704,0,
case_024,UB,32768,False,2,4,True,2.692,False,,,
case_020,task_cross_core_wait_cycles,4000,False,1,4,True,8.49,True,133704,0,
case_020,task_cross_core_wait_cycles,16000,False,1,4,True,8.303,True,133704,0,
case_024,UB,131072,True,2,4,True,2.172,True,2558490,1179660,
case_024,L1,2097152,False,2,4,True,4.611,True,2558490,1179660,
case_024,cache_capacity_bytes,1048576,True,3,4,True,1.894,True,2558490,1179660,0.6874973774056343
case_024,cache_bandwidth_bytes_per_cycle,250,True,3,4,True,1.852,True,2558490,1179660,0.6874973774056343
case_024,UB,262144,False,2,4,True,4.193,True,2558490,1179660,
case_024,UB,65536,False,2,4,True,5.674,True,2558643,1186498,
case_024,UB,524288,False,2,4,True,3.854,True,2558490,1179660,
case_024,cache_capacity_bytes,65536,False,3,4,True,4.017,True,2558490,1179660,0.0
case_024,cache_capacity_bytes,262144,False,3,4,True,3.869,True,2558490,1179660,0.0
case_024,cache_bandwidth_bytes_per_cycle,60,False,3,4,True,3.594,True,2558490,1179660,0.6874973774056343
case_024,cache_capacity_bytes,4194304,False,3,4,True,4.027,True,2558490,1179660,0.6874973774056343
case_024,cache_capacity_bytes,16777216,False,3,4,True,4.005,True,2558490,1179660,0.6874973774056343
case_016,task_cross_core_wait_cycles,250,False,1,4,True,32.259,True,7717920,1179660,
case_024,cache_bandwidth_bytes_per_cycle,125,False,3,4,True,3.914,True,2558490,1179660,0.6874973774056343
case_016,task_cross_core_wait_cycles,0,False,1,4,True,32.72,True,7717170,1179660,
case_016,task_cross_core_wait_cycles,4000,False,1,4,True,32.496,True,7729170,1179660,
case_024,cache_bandwidth_bytes_per_cycle,500,False,3,4,True,3.393,True,2558490,1179660,0.6874973774056343
case_024,cross_core_copy_delay_cycles,500,True,2,4,True,1.879,True,2558490,1179660,
case_024,cache_bandwidth_bytes_per_cycle,1000,False,3,4,True,3.722,True,2558490,1179660,0.6874973774056343
case_024,cross_core_copy_delay_cycles,0,False,2,4,True,3.104,True,2556990,1179660,
case_024,task_cross_core_wait_cycles,1000,True,1,4,True,1.759,True,2559990,1179660,
case_016,task_cross_core_wait_cycles,16000,False,1,4,True,31.76,True,7765170,1179660,
case_024,cross_core_copy_delay_cycles,125,False,2,4,True,3.96,True,2557365,1179660,
case_024,cross_core_copy_delay_cycles,2000,False,2,4,True,3.886,True,2562990,1179660,
case_025,bandwidth,60,True,2,4,True,2.35,True,1217444,82944,
case_024,cross_core_copy_delay_cycles,8000,False,2,4,True,3.782,True,2580990,1179660,
case_024,task_cross_core_wait_cycles,0,False,1,4,True,4.376,True,2556990,1179660,
case_025,L1,524288,True,2,4,True,2.301,True,1217444,82944,
case_024,task_cross_core_wait_cycles,4000,False,1,4,True,4.651,True,2568990,1179660,
case_024,task_cross_core_wait_cycles,250,False,1,4,True,4.879,True,2557740,1179660,
case_024,task_cross_core_wait_cycles,16000,False,1,4,True,4.935,True,2604990,1179660,
case_025,UB,131072,True,2,4,True,2.573,True,1217444,82944,
case_025,cache_capacity_bytes,1048576,True,3,4,True,2.855,True,1217444,82944,0.0
case_025,bandwidth,15,False,2,4,True,17.03,True,1223406,82944,
case_025,bandwidth,240,False,2,4,True,16.715,True,1216842,82944,
case_025,bandwidth,30,False,2,4,True,17.282,True,1219416,82944,
case_025,bandwidth,120,False,2,4,True,17.081,True,1217030,82944,
case_025,L1,131072,False,2,4,True,16.486,True,1217444,82944,
case_025,L1,262144,False,2,4,True,16.668,True,1217444,82944,
case_025,L1,2097152,False,2,4,True,16.334,True,1217444,82944,
case_025,L1,1048576,False,2,4,True,17.07,True,1217444,82944,
case_025,UB,32768,False,2,4,True,16.567,True,1217444,82944,
case_025,UB,65536,False,2,4,True,17.182,True,1217444,82944,
case_025,cache_bandwidth_bytes_per_cycle,250,True,3,4,True,2.674,True,1217444,82944,0.0
case_025,UB,262144,False,2,4,True,16.635,True,1217444,82944,
case_025,UB,524288,False,2,4,True,16.778,True,1217444,82944,
case_025,cache_capacity_bytes,65536,False,3,4,True,17.088,True,1217444,82944,0.0
case_025,cross_core_copy_delay_cycles,500,True,2,4,True,2.552,True,1217444,82944,
case_025,cache_capacity_bytes,262144,False,3,4,True,17.085,True,1217444,82944,0.0
case_025,cache_capacity_bytes,4194304,False,3,4,True,16.789,True,1217444,82944,0.0
case_025,task_cross_core_wait_cycles,1000,True,1,4,True,2.562,True,1217444,82944,
case_025,cache_capacity_bytes,16777216,False,3,4,True,16.867,True,1217444,82944,0.0
case_047,bandwidth,60,True,2,4,True,6.499,True,144141,1947090,
case_025,cache_bandwidth_bytes_per_cycle,60,False,3,4,True,14.563,True,1217444,82944,0.0
case_025,cross_core_copy_delay_cycles,125,False,2,4,True,13.582,True,1217444,82944,
case_025,cache_bandwidth_bytes_per_cycle,500,False,3,4,True,15.157,True,1217444,82944,0.0
case_025,cache_bandwidth_bytes_per_cycle,125,False,3,4,True,15.417,True,1217444,82944,0.0
case_025,cross_core_copy_delay_cycles,0,False,2,4,True,14.776,True,1217444,82944,
case_025,cache_bandwidth_bytes_per_cycle,1000,False,3,4,True,16.055,True,1217444,82944,0.0
case_025,cross_core_copy_delay_cycles,2000,False,2,4,True,15.916,True,1217444,82944,
case_025,cross_core_copy_delay_cycles,8000,False,2,4,True,15.416,True,1217444,82944,
case_047,bandwidth,30,False,2,4,True,16.183,True,186520,1484114,
case_047,L1,524288,True,2,4,True,6.2,True,144141,1947090,
case_047,bandwidth,15,False,2,4,True,17.304,True,270083,952658,
case_047,UB,131072,True,2,4,True,6.692,True,144141,1947090,
case_047,bandwidth,120,False,2,4,True,18.166,True,139797,1947090,
case_047,bandwidth,240,False,2,4,True,16.554,True,138688,1947090,
case_047,cache_capacity_bytes,1048576,True,3,4,True,7.048,True,142488,1947090,0.44037942315109785
case_047,L1,131072,False,2,4,True,19.571,True,144141,1947090,
case_047,L1,1048576,False,2,4,True,19.103,True,144141,1947090,
case_047,L1,262144,False,2,4,True,20.068,True,144141,1947090,
case_047,L1,2097152,False,2,4,True,20.121,True,144141,1947090,
case_047,UB,32768,False,2,4,True,19.692,True,144138,1947090,
case_047,UB,65536,False,2,4,True,19.415,True,144141,1947090,
case_047,UB,524288,False,2,4,True,19.711,True,144141,1947090,
case_047,UB,262144,False,2,4,True,20.267,True,144141,1947090,
case_047,cache_bandwidth_bytes_per_cycle,250,True,3,4,True,6.96,True,142488,1947090,0.44037942315109785
case_047,cache_capacity_bytes,65536,False,3,4,True,21.136,True,142488,1947090,0.4370270900891892
case_047,cache_capacity_bytes,262144,False,3,4,True,20.743,True,142488,1947090,0.44037942315109785
case_047,cross_core_copy_delay_cycles,500,True,2,4,True,6.868,True,144141,1947090,
case_047,cache_capacity_bytes,4194304,False,3,4,True,20.921,True,142488,1947090,0.44037942315109785
case_047,cache_capacity_bytes,16777216,False,3,4,True,20.479,True,142488,1947090,0.44037942315109785
case_047,cross_core_copy_delay_cycles,0,False,2,4,True,16.816,True,113684,1955794,
case_047,cache_bandwidth_bytes_per_cycle,60,False,3,4,True,20.594,True,142515,1947090,0.512035542349395
case_047,cache_bandwidth_bytes_per_cycle,125,False,3,4,True,20.228,True,142498,1947090,0.5011023652043066
case_047,cache_bandwidth_bytes_per_cycle,500,False,3,4,True,20.357,True,142491,1947090,0.41405598967633794
case_047,cache_bandwidth_bytes_per_cycle,1000,False,3,4,True,20.267,True,142488,1947090,0.4076560811036033
case_047,task_cross_core_wait_cycles,1000,True,1,4,True,6.82,True,154972,1910350,
case_047,cross_core_copy_delay_cycles,125,False,2,4,True,18.959,True,115175,1953106,
case_047,cross_core_copy_delay_cycles,2000,False,2,4,True,19.481,True,176600,1947090,
case_062,bandwidth,60,True,2,4,True,5.86,True,716806,72192,
case_047,cross_core_copy_delay_cycles,8000,False,2,4,True,20.061,True,313301,1912914,
case_047,task_cross_core_wait_cycles,0,False,1,4,True,21.719,True,118772,2512830,
case_062,L1,524288,True,2,4,True,6.195,True,716806,72192,
case_047,task_cross_core_wait_cycles,250,False,1,4,True,25.832,True,121111,1972244,
case_047,task_cross_core_wait_cycles,4000,False,1,4,True,27.161,True,225483,1855586,
case_047,task_cross_core_wait_cycles,16000,False,1,4,True,27.332,True,374692,153810,
case_062,bandwidth,15,False,2,4,True,28.198,True,955864,44544,
case_062,bandwidth,30,False,2,4,True,31.199,True,717742,72192,
case_062,UB,131072,True,2,4,True,6.139,True,716806,72192,
case_062,bandwidth,120,False,2,4,True,31.42,True,716485,72192,
case_062,bandwidth,240,False,2,4,True,31.688,True,716331,72192,
case_062,L1,131072,False,2,4,True,31.79,True,716806,72192,
case_062,cache_capacity_bytes,1048576,True,3,4,True,6.077,True,716806,72192,0.0003428963310092582
case_062,L1,262144,False,2,4,True,32.959,True,716806,72192,
case_062,L1,1048576,False,2,4,True,33.109,True,716806,72192,
case_062,L1,2097152,False,2,4,True,31.043,True,716806,72192,
case_062,UB,32768,False,2,4,True,31.815,True,716806,72192,
case_062,cache_bandwidth_bytes_per_cycle,250,True,3,4,True,6.008,True,716806,72192,0.0003428963310092582
case_062,UB,65536,False,2,4,True,32.037,True,716806,72192,
case_062,UB,262144,False,2,4,True,31.965,True,716806,72192,
case_062,UB,524288,False,2,4,True,31.67,True,716806,72192,
case_025,task_cross_core_wait_cycles,0,False,1,4,True,113.227,True,1217444,82944,
case_025,task_cross_core_wait_cycles,250,False,1,4,True,113.341,True,1217444,82944,
case_025,task_cross_core_wait_cycles,16000,False,1,4,True,112.426,True,1217444,82944,
case_025,task_cross_core_wait_cycles,4000,False,1,4,True,114.711,True,1217444,82944,
case_062,cache_capacity_bytes,65536,False,3,4,True,32.255,True,716806,72192,0.0003428963310092582
case_062,cache_capacity_bytes,262144,False,3,4,True,32.761,True,716806,72192,0.0003428963310092582
case_062,cross_core_copy_delay_cycles,500,True,2,4,True,6.349,True,716806,72192,
case_062,cache_capacity_bytes,4194304,False,3,4,True,32.825,True,716806,72192,0.0003428963310092582
case_071,bandwidth,15,False,2,4,True,1.385,True,21825,176580,
case_071,bandwidth,30,False,2,4,True,1.364,True,13018,176580,
case_071,bandwidth,60,True,2,4,True,0.898,True,11597,176580,
case_071,bandwidth,120,False,2,4,True,1.394,True,12488,301104,
case_071,bandwidth,240,False,2,4,True,1.274,True,11606,566542,
case_062,cache_capacity_bytes,16777216,False,3,4,True,32.435,True,716806,72192,0.0003428963310092582
case_062,task_cross_core_wait_cycles,1000,True,1,4,True,6.056,True,718555,115200,
case_071,L1,131072,False,2,4,True,1.434,True,11597,176580,
case_071,L1,262144,False,2,4,True,1.636,True,11597,176580,
case_071,L1,524288,True,2,4,True,0.91,True,11597,176580,
case_071,L1,1048576,False,2,4,True,1.437,True,11597,176580,
case_071,L1,2097152,False,2,4,True,1.446,True,11597,176580,
case_062,cache_bandwidth_bytes_per_cycle,60,False,3,4,True,32.724,True,716806,72192,0.0003428963310092582
case_071,UB,32768,False,2,4,True,1.52,True,11597,176580,
case_071,UB,65536,False,2,4,True,1.578,True,11597,176580,
case_071,UB,131072,True,2,4,True,0.982,True,11597,176580,
case_062,cache_bandwidth_bytes_per_cycle,125,False,3,4,True,32.902,True,716806,72192,0.0003428963310092582
case_071,UB,262144,False,2,4,True,1.552,True,11597,176580,
case_071,cache_capacity_bytes,1048576,True,3,4,True,0.976,True,11128,228490,0.28251738568527296
case_071,UB,524288,False,2,4,True,1.51,True,11597,176580,
case_071,cache_capacity_bytes,65536,False,3,4,True,1.517,True,11133,228490,0.1259462120745892
case_071,cache_capacity_bytes,262144,False,3,4,True,1.481,True,11128,228490,0.28251738568527296
case_071,cache_capacity_bytes,4194304,False,3,4,True,1.424,True,11128,228490,0.28251738568527296
case_071,cache_bandwidth_bytes_per_cycle,250,True,3,4,True,0.864,True,11128,228490,0.28251738568527296
case_071,cache_bandwidth_bytes_per_cycle,60,False,3,4,True,1.375,True,11091,228490,0.24706905040310173
case_071,cache_bandwidth_bytes_per_cycle,125,False,3,4,True,1.4,True,11109,228490,0.28251738568527296
case_071,cache_capacity_bytes,16777216,False,3,4,True,1.658,True,11128,228490,0.28251738568527296
case_071,cache_bandwidth_bytes_per_cycle,500,False,3,4,True,1.599,True,11138,228490,0.28694842759554434
case_071,cross_core_copy_delay_cycles,0,False,2,4,True,1.13,True,10444,201424,
case_071,cache_bandwidth_bytes_per_cycle,1000,False,3,4,True,1.371,True,11141,228490,0.28694842759554434
case_062,cache_bandwidth_bytes_per_cycle,500,False,3,4,True,32.011,True,716806,72192,0.0003428963310092582
case_071,cross_core_copy_delay_cycles,500,True,2,4,True,0.869,True,11597,176580,
case_071,cross_core_copy_delay_cycles,2000,False,2,4,True,1.383,True,14569,176580,
case_071,cross_core_copy_delay_cycles,125,False,2,4,True,1.584,True,10828,176580,
case_071,task_cross_core_wait_cycles,1000,True,1,4,True,0.898,True,16809,167556,
case_071,task_cross_core_wait_cycles,0,False,1,4,True,1.163,True,12923,426148,
case_071,cross_core_copy_delay_cycles,8000,False,2,4,True,1.421,True,26569,176580,
case_071,task_cross_core_wait_cycles,250,False,1,4,True,1.647,True,15309,167556,
case_071,task_cross_core_wait_cycles,4000,False,1,4,True,1.599,True,22809,167556,
case_062,cache_bandwidth_bytes_per_cycle,1000,False,3,4,True,32.448,True,716806,72192,0.0003428963310092582
case_071,task_cross_core_wait_cycles,16000,False,1,4,True,1.606,True,46809,167556,
case_062,cross_core_copy_delay_cycles,0,False,2,4,True,30.953,True,715306,72192,
case_062,cross_core_copy_delay_cycles,125,False,2,4,True,31.172,True,715703,72192,
case_085,bandwidth,60,True,2,4,True,7.083,True,887985,8300178,
case_085,L1,524288,True,2,4,True,7.567,True,887985,8300178,
case_062,cross_core_copy_delay_cycles,2000,False,2,4,True,31.486,True,721306,72192,
case_062,cross_core_copy_delay_cycles,8000,False,2,4,True,31.415,True,739306,72192,
case_085,UB,131072,True,2,4,True,8.149,True,887985,8300178,
case_085,bandwidth,30,False,2,4,True,31.375,True,901305,8300178,
case_085,bandwidth,120,False,2,4,True,31.099,True,882862,8300178,
case_085,bandwidth,15,False,2,4,True,32.525,True,1069554,7573906,
case_085,L1,262144,False,2,4,True,31.532,True,887985,8300178,
case_085,bandwidth,240,False,2,4,True,31.645,True,882286,8300178,
case_085,L1,131072,False,2,4,True,31.561,True,887558,8300178,
case_085,L1,1048576,False,2,4,True,31.241,True,887985,8300178,
case_085,L1,2097152,False,2,4,True,30.217,True,887985,8300178,
case_085,cache_capacity_bytes,1048576,True,3,4,True,6.991,True,887612,8300178,0.4990924717833631
case_085,UB,32768,False,2,4,True,32.513,True,888356,8416210,
case_085,UB,65536,False,2,4,True,30.869,True,888005,8300178,
case_085,cache_bandwidth_bytes_per_cycle,250,True,3,4,True,6.974,True,887612,8300178,0.4990924717833631
case_085,UB,262144,False,2,4,True,30.634,True,888020,8300178,
case_085,UB,524288,False,2,4,True,29.69,True,888020,8300178,
case_085,cross_core_copy_delay_cycles,500,True,2,4,True,7.269,True,887985,8300178,
case_085,cache_capacity_bytes,65536,False,3,4,True,30.596,True,887708,8300178,0.4095345672454236
case_085,cache_capacity_bytes,262144,False,3,4,True,30.544,True,887612,8300178,0.48304882925577314
case_085,cache_capacity_bytes,4194304,False,3,4,True,30.912,True,887612,8300178,0.4990924717833631
case_085,cache_bandwidth_bytes_per_cycle,60,False,3,4,True,30.814,True,887715,8300178,0.5196054147293531
case_085,cache_capacity_bytes,16777216,False,3,4,True,30.908,True,887612,8300178,0.4990924717833631
case_085,cache_bandwidth_bytes_per_cycle,125,False,3,4,True,30.679,True,887606,8300178,0.5128823645273154
case_085,cross_core_copy_delay_cycles,0,False,2,4,True,28.81,True,882788,8300178,
case_088,bandwidth,15,False,2,4,True,5.896,True,243435,153996,
case_085,cache_bandwidth_bytes_per_cycle,500,False,3,4,True,30.505,True,887616,8300178,0.4959792411500331
case_085,cache_bandwidth_bytes_per_cycle,1000,False,3,4,True,30.083,True,887618,8300178,0.4947186692371511
case_085,task_cross_core_wait_cycles,1000,True,1,4,True,7.251,True,951743,8039738,
case_088,bandwidth,60,True,2,4,True,2.412,True,146824,792274,
case_085,cross_core_copy_delay_cycles,125,False,2,4,True,30.787,True,883714,8300178,
case_088,bandwidth,30,False,2,4,True,5.841,True,213567,1230290,
case_088,bandwidth,120,False,2,4,True,5.999,True,94783,2268882,
case_088,bandwidth,240,False,2,4,True,5.883,True,93633,2268882,
case_088,L1,131072,False,2,4,True,6.163,True,146824,792274,
case_088,L1,524288,True,2,4,True,2.431,True,146824,792274,
case_088,L1,262144,False,2,4,True,5.89,True,146824,792274,
case_088,UB,131072,True,2,4,True,2.489,True,146824,792274,
case_088,L1,1048576,False,2,4,True,6.008,True,146824,792274,
case_088,L1,2097152,False,2,4,True,5.775,True,146824,792274,
case_088,UB,32768,False,2,4,True,6.059,True,146458,821402,
case_088,UB,65536,False,2,4,True,6.291,True,146173,792274,
case_085,cross_core_copy_delay_cycles,2000,False,2,4,True,31.33,True,904008,8300178,
case_088,UB,262144,False,2,4,True,6.386,True,147101,792274,
case_088,cache_capacity_bytes,1048576,True,3,4,True,2.181,True,98872,2268882,0.2480521815893152
case_088,UB,524288,False,2,4,True,5.794,True,147101,792274,
case_085,cross_core_copy_delay_cycles,8000,False,2,4,True,31.895,True,1041905,8300178,
case_088,cache_capacity_bytes,65536,False,3,4,True,6.421,True,99164,2268882,0.1863911548500651
case_088,cache_bandwidth_bytes_per_cycle,250,True,3,4,True,2.488,True,98872,2268882,0.2480521815893152
case_088,cache_capacity_bytes,262144,False,3,4,True,6.178,True,98872,2268882,0.2325666301569916
case_088,cache_capacity_bytes,4194304,False,3,4,True,5.982,True,98872,2268882,0.2480521815893152
case_088,cache_capacity_bytes,16777216,False,3,4,True,6.376,True,98872,2268882,0.2480521815893152
case_088,cache_bandwidth_bytes_per_cycle,60,False,3,4,True,6.108,True,99078,2268882,0.3666268874684627
case_088,cache_bandwidth_bytes_per_cycle,125,False,3,4,True,6.359,True,98834,2268882,0.25935165356132805
case_088,cross_core_copy_delay_cycles,500,True,2,4,True,2.984,True,146824,792274,
case_088,cache_bandwidth_bytes_per_cycle,500,False,3,4,True,6.042,True,98875,2268882,0.24135619819849274
case_088,cross_core_copy_delay_cycles,0,False,2,4,True,4.82,True,145522,834514,
case_088,cache_bandwidth_bytes_per_cycle,1000,False,3,4,True,5.927,True,98879,2268882,0.24135619819849274
case_088,cross_core_copy_delay_cycles,125,False,2,4,True,6.273,True,143956,792274,
case_088,task_cross_core_wait_cycles,1000,True,1,4,True,2.599,True,161100,1184306,
case_088,cross_core_copy_delay_cycles,2000,False,2,4,True,5.849,True,160100,792274,
case_088,cross_core_copy_delay_cycles,8000,False,2,4,True,6.35,True,213625,901586,
case_088,task_cross_core_wait_cycles,0,False,1,4,True,6.139,True,149954,1290072,
case_097,bandwidth,60,True,2,4,True,2.103,True,2626908,14221312,
case_088,task_cross_core_wait_cycles,250,False,1,4,True,6.946,True,154512,1184306,
case_088,task_cross_core_wait_cycles,4000,False,1,4,True,7.259,True,189057,1184306,
case_088,task_cross_core_wait_cycles,16000,False,1,4,True,7.48,True,294581,543130,
case_097,bandwidth,15,False,2,4,True,6.999,True,2715328,14221312,
case_097,bandwidth,30,False,2,4,True,6.836,True,2655108,14221312,
case_097,L1,524288,True,2,4,True,1.822,True,2626908,14221312,
case_097,bandwidth,120,False,2,4,True,6.903,True,2615180,14221312,
case_097,bandwidth,240,False,2,4,True,7.164,True,2609272,14221312,
case_097,UB,131072,True,2,4,True,1.972,True,2626908,14221312,
case_097,L1,131072,False,2,4,True,7.964,True,2966256,26869760,
case_097,L1,262144,False,2,4,True,7.6,True,2837312,22626304,
case_097,L1,1048576,False,2,4,True,6.14,True,2577788,7667712,
case_097,L1,2097152,False,2,4,True,6.101,True,2577788,7667712,
case_097,UB,32768,False,2,4,True,6.99,True,2626908,14221312,
case_097,UB,65536,False,2,4,True,6.987,True,2626908,14221312,
case_097,cache_capacity_bytes,1048576,True,3,4,True,1.932,True,2626908,14221312,0.041666666666666664
case_097,UB,262144,False,2,4,True,6.841,True,2626908,14221312,
case_097,UB,524288,False,2,4,True,6.42,True,2626908,14221312,
case_097,cache_capacity_bytes,65536,False,3,4,True,6.526,True,2626908,14221312,0.0
case_097,cache_bandwidth_bytes_per_cycle,250,True,3,4,True,1.714,True,2626908,14221312,0.041666666666666664
case_085,task_cross_core_wait_cycles,0,False,1,4,True,51.403,True,925258,8039738,
case_097,cache_capacity_bytes,262144,False,3,4,True,6.899,True,2626908,14221312,0.03723404255319149
case_097,cache_capacity_bytes,4194304,False,3,4,True,6.629,True,2619628,14221312,0.3546099290780142
case_085,task_cross_core_wait_cycles,250,False,1,4,True,52.868,True,932275,8039738,
case_097,cross_core_copy_delay_cycles,500,True,2,4,True,1.671,True,2626908,14221312,
case_097,cache_capacity_bytes,16777216,False,3,4,True,6.707,True,2619628,14221312,0.3546099290780142
case_097,cache_bandwidth_bytes_per_cycle,60,False,3,4,True,6.667,True,2626908,14221312,0.041666666666666664
case_085,task_cross_core_wait_cycles,4000,False,1,4,True,52.075,True,1032638,8039738,
case_097,cache_bandwidth_bytes_per_cycle,125,False,3,4,True,6.562,True,2626908,14221312,0.041666666666666664
case_097,task_cross_core_wait_cycles,1000,True,1,4,True,2.032,True,2626908,14221312,
case_097,cache_bandwidth_bytes_per_cycle,500,False,3,4,True,7.122,True,2626908,14221312,0.041666666666666664
case_097,cross_core_copy_delay_cycles,0,False,2,4,True,6.724,True,2626908,14221312,
case_100,bandwidth,15,False,2,4,True,1.855,True,85410,284676,
case_097,cache_bandwidth_bytes_per_cycle,1000,False,3,4,True,7.129,True,2626908,14221312,0.041666666666666664
case_100,bandwidth,60,True,2,4,True,0.654,True,74722,1034346,
case_097,cross_core_copy_delay_cycles,2000,False,2,4,True,6.618,True,2626908,14221312,
case_085,task_cross_core_wait_cycles,16000,False,1,4,True,57.082,True,1356638,8039738,
case_100,bandwidth,120,False,2,4,True,1.583,True,66868,1638406,
case_097,cross_core_copy_delay_cycles,125,False,2,4,True,7.055,True,2626908,14221312,
case_100,bandwidth,30,False,2,4,True,1.848,True,69870,675336,
case_100,L1,524288,True,2,4,True,0.611,True,74722,1034346,
case_100,bandwidth,240,False,2,4,True,1.909,True,65757,1638406,
case_100,L1,131072,False,2,4,True,1.865,True,76581,964112,
case_097,cross_core_copy_delay_cycles,8000,False,2,4,True,6.712,True,2626908,14221312,
case_100,UB,131072,True,2,4,True,0.615,True,74722,1034346,
case_100,L1,262144,False,2,4,True,1.898,True,74722,1034346,
case_100,L1,2097152,False,2,4,True,1.837,True,74722,1034346,
case_100,L1,1048576,False,2,4,True,1.868,True,74722,1034346,
case_100,UB,65536,False,2,4,True,1.623,True,75259,1067114,
case_100,UB,32768,False,2,4,True,2.045,True,78351,1284602,
case_100,cache_capacity_bytes,1048576,True,3,4,True,0.619,True,69294,1638406,0.5161787773571812
case_100,UB,262144,False,2,4,True,1.899,True,74542,1034346,
case_100,UB,524288,False,2,4,True,1.896,True,74542,1034346,
case_100,cache_capacity_bytes,65536,False,3,4,True,2.035,True,70486,1638406,0.034703230454509314
case_100,cache_bandwidth_bytes_per_cycle,250,True,3,4,True,0.619,True,69294,1638406,0.5161787773571812
case_100,cache_capacity_bytes,262144,False,3,4,True,1.977,True,70143,1638406,0.10473496394140991
case_100,cache_capacity_bytes,4194304,False,3,4,True,1.972,True,69294,1638406,0.5161787773571812
case_100,cache_bandwidth_bytes_per_cycle,60,False,3,4,True,1.681,True,69678,1638406,0.5272818834800335
case_100,cache_capacity_bytes,16777216,False,3,4,True,2.029,True,69294,1638406,0.5161787773571812
case_100,cache_bandwidth_bytes_per_cycle,125,False,3,4,True,2.058,True,69312,1638406,0.5157161479353958
case_100,cross_core_copy_delay_cycles,500,True,2,4,True,0.708,True,74722,1034346,
case_100,cache_bandwidth_bytes_per_cycle,1000,False,3,4,True,1.816,True,69269,1638406,0.5161787773571812
case_100,cache_bandwidth_bytes_per_cycle,500,False,3,4,True,2.081,True,69281,1638406,0.5161787773571812
case_100,cross_core_copy_delay_cycles,0,False,2,4,True,2.128,True,68910,1092206,
case_100,cross_core_copy_delay_cycles,125,False,2,4,True,2.122,True,72076,1054376,
case_100,task_cross_core_wait_cycles,1000,True,1,4,True,0.704,True,79313,1078800,
case_100,cross_core_copy_delay_cycles,8000,False,2,4,True,2.002,True,76136,356868,
case_100,cross_core_copy_delay_cycles,2000,False,2,4,True,2.079,True,80541,1034346,
case_100,task_cross_core_wait_cycles,0,False,1,4,True,2.305,True,76313,1078800,
case_100,task_cross_core_wait_cycles,250,False,1,4,True,2.58,True,77063,1078800,
case_100,task_cross_core_wait_cycles,4000,False,1,4,True,2.327,True,88313,1078800,
case_100,task_cross_core_wait_cycles,16000,False,1,4,True,2.071,True,57948,144384,
case_097,task_cross_core_wait_cycles,250,False,1,4,True,14.896,True,2626908,14221312,
case_097,task_cross_core_wait_cycles,0,False,1,4,True,15.064,True,2626908,14221312,
case_097,task_cross_core_wait_cycles,16000,False,1,4,True,14.892,True,2626908,14221312,
case_097,task_cross_core_wait_cycles,4000,False,1,4,True,15.016,True,2626908,14221312,
case_062,task_cross_core_wait_cycles,250,False,1,4,True,271.662,True,716357,115200,
case_062,task_cross_core_wait_cycles,0,False,1,4,True,272.476,True,715634,115200,
case_062,task_cross_core_wait_cycles,4000,False,1,4,True,279.564,True,727555,115200,
case_062,task_cross_core_wait_cycles,16000,False,1,4,True,281.01,True,763555,115200,
