case,problem,num_cores,match,cli_makespan,expected_makespan,cli_added_copy_bytes,expected_added_copy_bytes,cli_hit_rate,expected_hit_rate,cli_seconds,error
case_001,1,1,True,233110,233110,0,0,,,0.4,
case_002,1,1,True,261945,261945,0,0,,,0.8,
case_003,1,1,True,602212,602212,0,0,,,58.0,
case_004,1,1,True,392357,392357,0,0,,,0.4,
case_005,1,1,True,95618,95618,0,0,,,3.0,
case_006,1,1,True,82837,82837,16400,16400,,,0.3,
case_007,1,1,True,1012562,1012562,0,0,,,4.6,
case_008,1,1,True,487605,487605,0,0,,,0.5,
case_009,1,1,True,153261,153261,0,0,,,6.4,
case_010,1,1,True,86969,86969,0,0,,,0.3,
case_011,1,1,True,184697,184697,0,0,,,0.3,
case_012,1,1,True,59088,59088,0,0,,,0.5,
case_013,1,1,True,263949,263949,0,0,,,1.8,
case_014,1,1,True,17698626,17698626,71010720,71010720,,,1587.1,
case_015,1,1,True,177362,177362,180256,180256,,,0.5,
case_016,1,1,True,7715523,7715523,0,0,,,127.5,
case_017,1,1,True,162810,162810,22528,22528,,,0.6,
case_018,1,1,True,1004367,1004367,1970176,1970176,,,2.0,
case_019,1,1,True,81144,81144,0,0,,,0.3,
case_020,1,1,True,532746,532746,0,0,,,9.9,
case_021,1,1,True,6567937,6567937,4501504,4501504,,,6.1,
case_022,1,1,True,56780,56780,0,0,,,0.6,
case_023,1,1,True,122614,122614,0,0,,,0.4,
case_024,1,1,True,2555343,2555343,0,0,,,6.3,
case_025,1,1,True,4863026,4863026,0,0,,,301.9,
case_026,1,1,True,99203,99203,0,0,,,0.3,
case_027,1,1,True,2363952,2363952,1400832,1400832,,,0.9,
case_028,1,1,True,43836040,43836040,277412256,277412256,,,456.4,
case_029,1,1,True,37555,37555,0,0,,,0.4,
case_030,1,1,True,2808034,2808034,5519360,5519360,,,59.6,
case_031,1,1,True,1414369,1414369,3491328,3491328,,,9.1,
case_032,1,1,True,41443,41443,0,0,,,0.4,
case_033,1,1,True,1774196,1774196,4592640,4592640,,,3.6,
case_034,1,1,True,842996,842996,1079832,1079832,,,3.7,
case_035,1,1,True,169571,169571,0,0,,,2.7,
case_036,1,1,True,931510,931510,0,0,,,2.4,
case_037,1,1,True,210001,210001,0,0,,,0.4,
case_038,1,1,True,1364555,1364555,5627904,5627904,,,14.6,
case_039,1,1,True,1435262,1435262,7929856,7929856,,,13.7,
case_040,1,1,True,253454,253454,0,0,,,1.6,
case_041,1,1,True,6003957,6003957,30898176,30898176,,,310.1,
case_042,1,1,True,1686740,1686740,6629376,6629376,,,8.0,
case_043,1,1,True,677656,677656,49160,49160,,,17.6,
case_044,1,1,True,154407,154407,4438112,4438112,,,0.7,
case_045,1,1,True,125614,125614,0,0,,,0.7,
case_046,1,1,True,276455,276455,3176288,3176288,,,0.5,
case_047,1,1,True,326508,326508,0,0,,,53.7,
case_048,1,1,True,222220,222220,0,0,,,0.8,
case_049,1,1,True,196276,196276,0,0,,,3.0,
case_050,1,1,True,149690,149690,0,0,,,3.0,
case_051,1,1,True,607628,607628,0,0,,,0.6,
case_052,1,1,True,180301,180301,0,0,,,0.5,
case_053,1,1,True,1472686,1472686,5405536,5405536,,,34.1,
case_054,1,1,True,815051,815051,0,0,,,90.2,
case_055,1,1,True,118835,118835,69632,69632,,,0.5,
case_056,1,1,True,277285,277285,0,0,,,12.0,
case_057,1,1,True,59726,59726,94216,94216,,,0.4,
case_058,1,1,True,4539717,4539717,28696576,28696576,,,301.5,
case_059,1,1,True,829473,829473,1691648,1691648,,,2.0,
case_060,1,1,True,888789,888789,2068520,2068520,,,8.7,
case_061,1,1,True,77191,77191,0,0,,,0.5,
case_062,1,1,True,2854809,2854809,0,0,,,339.3,
case_063,1,1,True,1070397,1070397,0,0,,,16.9,
case_064,1,1,True,19116,19116,0,0,,,0.4,
case_065,1,1,True,53068,53068,0,0,,,0.3,
case_066,1,1,True,359070,359070,0,0,,,6.6,
case_067,1,1,True,63834834,63834834,264449408,264449408,,,48.7,
case_068,1,1,True,362095,362095,0,0,,,5.0,
case_069,1,1,True,25144,25144,0,0,,,0.4,
case_070,1,1,True,117300,117300,0,0,,,0.5,
case_071,1,1,True,18919,18919,0,0,,,0.3,
case_072,1,1,True,23897828,23897828,108613680,108613680,,,1189.2,
case_073,1,1,True,10081626,10081626,141570432,141570432,,,10.4,
case_074,1,1,True,1682239,1682239,6070280,6070280,,,4.3,
case_075,1,1,True,1441809,1441809,0,0,,,10.9,
case_076,1,1,True,6185113,6185113,28280832,28280832,,,1323.4,
case_077,1,1,True,495320,495320,0,0,,,3.3,
case_078,1,1,True,2296143,2296143,12644568,12644568,,,0.6,
case_079,1,1,True,31052251,31052251,32448512,32448512,,,392.6,
case_080,1,1,True,292138,292138,548864,548864,,,0.5,
case_081,1,1,True,151795,151795,0,0,,,3.1,
case_082,1,1,True,721041,721041,0,0,,,3.0,
case_083,1,1,True,1057993,1057993,13934688,13934688,,,4.4,
case_084,1,1,True,2507412,2507412,0,0,,,67.6,
case_085,1,1,True,3187899,3187899,0,0,,,229.8,
case_086,1,1,True,118403,118403,0,0,,,3.9,
case_087,1,1,True,3974071,3974071,7902720,7902720,,,532.0,
case_088,1,1,True,243623,243623,0,0,,,1.9,
case_089,1,1,True,693092,693092,0,0,,,5.2,
case_090,1,1,True,1178363,1178363,21233592,21233592,,,1.0,
case_091,1,1,True,9186769,9186769,53947008,53947008,,,1399.8,
case_092,1,1,True,4815554,4815554,66000096,66000096,,,249.9,
case_093,1,1,True,74205,74205,0,0,,,0.3,
case_094,1,1,True,94892,94892,0,0,,,0.3,
case_095,1,1,True,2084853,2084853,0,0,,,7.4,
case_096,1,1,True,84194,84194,0,0,,,0.5,
case_097,1,1,True,11491509,11491509,10584064,10584064,,,23.0,
case_098,1,1,True,177430,177430,0,0,,,0.5,
case_099,1,1,True,1622999,1622999,5484544,5484544,,,13.8,
case_100,1,1,True,151223,151223,0,0,,,0.6,
case_001,1,2,True,116868,116868,1152,1152,,,0.3,
case_002,1,2,True,132841,132841,1575936,1575936,,,0.9,
case_003,1,2,True,548523,548523,1659238,1659238,,,4.2,
case_004,1,2,True,199074,199074,110592,110592,,,0.3,
case_005,1,2,True,65153,65153,929524,929524,,,1.2,
case_006,1,2,True,44485,44485,686320,686320,,,0.3,
case_007,1,2,True,507494,507494,27648,27648,,,2.6,
case_008,1,2,True,244163,244163,1990656,1990656,,,0.4,
case_009,1,2,True,111035,111035,2289206,2289206,,,1.5,
case_010,1,2,True,44202,44202,27648,27648,,,0.3,
case_011,1,2,True,92646,92646,180224,180224,,,0.3,
case_012,1,2,True,29841,29841,0,0,,,0.4,
case_013,1,2,True,132198,132198,8192,8192,,,1.2,
case_014,1,2,True,8838781,8838781,86154144,86154144,,,43.4,
case_015,1,2,True,88439,88439,216336,216336,,,0.5,
case_016,1,2,True,7715523,7715523,0,0,,,128.8,
case_017,1,2,True,80139,80139,251908,251908,,,0.6,
case_018,1,2,True,503406,503406,3347456,3347456,,,2.1,
case_019,1,2,True,41518,41518,0,0,,,0.3,
case_020,1,2,True,266580,266580,0,0,,,4.3,
case_021,1,2,True,3102580,3102580,6656000,6656000,,,1.4,
case_022,1,2,True,28674,28674,0,0,,,0.5,
case_023,1,2,True,60389,60389,301576,301576,,,0.4,
case_024,1,2,True,2555343,2555343,0,0,,,6.6,
case_025,1,2,True,2431840,2431840,27648,27648,,,179.9,
case_026,1,2,True,57246,57246,453364,453364,,,0.3,
case_027,1,2,True,1119508,1119508,3317760,3317760,,,0.5,
case_028,1,2,True,20808437,20808437,326568960,326568960,,,4.6,
case_029,1,2,True,19740,19740,0,0,,,0.3,
case_030,1,2,True,1396147,1396147,7126016,7126016,,,9.5,
case_031,1,2,True,706617,706617,4402838,4402838,,,5.4,
case_032,1,2,True,21082,21082,260264,260264,,,0.3,
case_033,1,2,True,893844,893844,4953600,4953600,,,4.1,
case_034,1,2,True,418733,418733,1864192,1864192,,,4.7,
case_035,1,2,True,115014,115014,153406,153406,,,1.4,
case_036,1,2,True,466068,466068,1152,1152,,,1.6,
case_037,1,2,True,105374,105374,204800,204800,,,0.3,
case_038,1,2,True,679097,679097,5607936,5607936,,,15.8,
case_039,1,2,True,692660,692660,9805824,9805824,,,1.6,
case_040,1,2,True,185290,185290,2193632,2193632,,,0.7,
case_041,1,2,True,2986534,2986534,33595392,33595392,,,365.8,
case_042,1,2,True,842623,842623,7265568,7265568,,,9.5,
case_043,1,2,True,395771,395771,5579966,5579966,,,2.1,
case_044,1,2,True,96401,96401,1283040,1283040,,,0.4,
case_045,1,2,True,63059,63059,0,0,,,0.5,
case_046,1,2,True,151992,151992,1819232,1819232,,,0.3,
case_047,1,2,True,297834,297834,3389130,3389130,,,3.0,
case_048,1,2,True,212543,212543,615242,615242,,,0.5,
case_049,1,2,True,171171,171171,391226,391226,,,1.5,
case_050,1,2,True,117878,117878,581308,581308,,,1.3,
case_051,1,2,True,607628,607628,0,0,,,0.5,
case_052,1,2,True,88782,88782,342066,342066,,,0.4,
case_053,1,2,True,758976,758976,5121886,5121886,,,8.4,
case_054,1,2,True,510285,510285,1292256,1292256,,,11.4,
case_055,1,2,True,57684,57684,220350,220350,,,0.5,
case_056,1,2,True,158608,158608,1641806,1641806,,,1.8,
case_057,1,2,True,33614,33614,0,0,,,0.4,
case_058,1,2,True,2266429,2266429,33689600,33689600,,,304.1,
case_059,1,2,True,369318,369318,360448,360448,,,1.2,
case_060,1,2,True,452002,452002,2724108,2724108,,,10.2,
case_061,1,2,True,38873,38873,25344,25344,,,0.4,
case_062,1,2,True,1429373,1429373,21361152,21361152,,,267.2,
case_063,1,2,True,537888,537888,76800,76800,,,15.9,
case_064,1,2,True,19071,19071,21060,21060,,,0.3,
case_065,1,2,True,22981,22981,110228,110228,,,0.3,
case_066,1,2,True,230062,230062,2000906,2000906,,,1.4,
case_067,1,2,True,32441828,32441828,267900160,267900160,,,47.1,
case_068,1,2,True,249377,249377,3519460,3519460,,,1.2,
case_069,1,2,True,23844,23844,803334,803334,,,0.4,
case_070,1,2,True,58469,58469,88064,88064,,,0.5,
case_071,1,2,True,17677,17677,118178,118178,,,0.3,
case_072,1,2,True,11672534,11672534,88018992,88018992,,,69.3,
case_073,1,2,True,5394231,5394231,137954176,137954176,,,6.8,
case_074,1,2,True,826937,826937,6590472,6590472,,,4.7,
case_075,1,2,True,848258,848258,7472044,7472044,,,2.3,
case_076,1,2,True,3067395,3067395,28306440,28306440,,,67.3,
case_077,1,2,True,250735,250735,57344,57344,,,3.6,
case_078,1,2,True,1080972,1080972,15039360,15039360,,,0.3,
case_079,1,2,True,14723450,14723450,36765696,36765696,,,10.3,
case_080,1,2,True,145926,145926,2191360,2191360,,,0.6,
case_081,1,2,True,76860,76860,0,0,,,2.1,
case_082,1,2,True,509781,509781,3014040,3014040,,,1.2,
case_083,1,2,True,542602,542602,21362560,21362560,,,1.1,
case_084,1,2,True,1252724,1252724,4967424,4967424,,,36.2,
case_085,1,2,True,3048236,3048236,15641984,15641984,,,8.1,
case_086,1,2,True,88853,88853,1837042,1837042,,,1.3,
case_087,1,2,True,1993185,1993185,8248320,8248320,,,633.5,
case_088,1,2,True,168809,168809,2064350,2064350,,,0.9,
case_089,1,2,True,346763,346763,556160,556160,,,3.7,
case_090,1,2,True,670035,670035,4295328,4295328,,,0.5,
case_091,1,2,True,4592279,4592279,61042308,61042308,,,84.6,
case_092,1,2,True,2200120,2200120,16871008,16871008,,,17.8,
case_093,1,2,True,37827,37827,8192,8192,,,0.3,
case_094,1,2,True,47453,47453,106272,106272,,,0.3,
case_095,1,2,True,1042787,1042787,8515584,8515584,,,4.9,
case_096,1,2,True,44237,44237,0,0,,,0.4,
case_097,1,2,True,5156692,5156692,11927552,11927552,,,2.3,
case_098,1,2,True,106182,106182,1847330,1847330,,,0.4,
case_099,1,2,True,810196,810196,7315456,7315456,,,17.8,
case_100,1,2,True,90879,90879,1364804,1364804,,,0.4,
case_001,1,3,True,78545,78545,2304,2304,,,0.3,
case_002,1,3,True,90573,90573,55296,55296,,,0.6,
case_003,1,3,True,280031,280031,3040688,3040688,,,3.4,
case_004,1,3,True,134043,134043,221184,221184,,,0.3,
case_005,1,3,True,55517,55517,1143334,1143334,,,1.2,
case_006,1,3,True,36031,36031,363168,363168,,,0.3,
case_007,1,3,True,338094,338094,55296,55296,,,1.7,
case_008,1,3,True,163256,163256,1327104,1327104,,,0.4,
case_009,1,3,True,88247,88247,699372,699372,,,1.2,
case_010,1,3,True,35952,35952,1076548,1076548,,,0.3,
case_011,1,3,True,68437,68437,1241088,1241088,,,0.3,
case_012,1,3,True,21365,21365,87136,87136,,,0.4,
case_013,1,3,True,88351,88351,16384,16384,,,0.9,
case_014,1,3,True,5979998,5979998,81345584,81345584,,,1794.2,
case_015,1,3,True,61168,61168,290056,290056,,,0.5,
case_016,1,3,True,7715523,7715523,0,0,,,129.0,
case_017,1,3,True,57095,57095,163584,163584,,,0.6,
case_018,1,3,True,338456,338456,3903872,3903872,,,1.9,
case_019,1,3,True,30948,30948,251444,251444,,,0.3,
case_020,1,3,True,177950,177950,0,0,,,2.6,
case_021,1,3,True,2110025,2110025,7229440,7229440,,,4.6,
case_022,1,3,True,19800,19800,0,0,,,0.6,
case_023,1,3,True,41575,41575,147456,147456,,,0.4,
case_024,1,3,True,2473380,2473380,61410808,61410808,,,2.6,
case_025,1,3,True,1622164,1622164,55296,55296,,,101.9,
case_026,1,3,True,47309,47309,1212616,1212616,,,0.3,
case_027,1,3,True,793160,793160,6346752,6346752,,,0.8,
case_028,1,3,True,14792144,14792144,326568960,326568960,,,4.6,
case_029,1,3,True,12743,12743,0,0,,,0.3,
case_030,1,3,True,931329,931329,9363456,9363456,,,61.4,
case_031,1,3,True,475188,475188,5121536,5121536,,,11.3,
case_032,1,3,True,16407,16407,462204,462204,,,0.3,
case_033,1,3,True,589568,589568,7086144,7086144,,,4.1,
case_034,1,3,True,278567,278567,2647040,2647040,,,4.3,
case_035,1,3,True,106705,106705,205126,205126,,,1.4,
case_036,1,3,True,311345,311345,2304,2304,,,1.1,
case_037,1,3,True,74038,74038,737280,737280,,,0.3,
case_038,1,3,True,459298,459298,6934020,6934020,,,15.0,
case_039,1,3,True,484854,484854,10346496,10346496,,,11.7,
case_040,1,3,True,143249,143249,750764,750764,,,0.8,
case_041,1,3,True,1994174,1994174,35017728,35017728,,,320.9,
case_042,1,3,True,575665,575665,7684096,7684096,,,7.4,
case_043,1,3,True,301895,301895,1710506,1710506,,,5.2,
case_044,1,3,True,96401,96401,1283040,1283040,,,0.4,
case_045,1,3,True,42601,42601,0,0,,,0.4,
case_046,1,3,True,133707,133707,3761600,3761600,,,0.4,
case_047,1,3,True,160313,160313,1496464,1496464,,,2.6,
case_048,1,3,True,202773,202773,620994,620994,,,0.5,
case_049,1,3,True,122860,122860,1896282,1896282,,,1.1,
case_050,1,3,True,71842,71842,583052,583052,,,0.9,
case_051,1,3,True,549836,549836,19138090,19138090,,,0.6,
case_052,1,3,True,60932,60932,147456,147456,,,0.5,
case_053,1,3,True,570063,570063,10926778,10926778,,,5.1,
case_054,1,3,True,364389,364389,2171082,2171082,,,4.3,
case_055,1,3,True,38093,38093,32768,32768,,,0.5,
case_056,1,3,True,136182,136182,2188924,2188924,,,1.6,
case_057,1,3,True,26147,26147,118852,118852,,,0.3,
case_058,1,3,True,1519779,1519779,32636928,32636928,,,281.8,
case_059,1,3,True,266217,266217,2998272,2998272,,,1.8,
case_060,1,3,True,298981,298981,3164416,3164416,,,9.1,
case_061,1,3,True,32703,32703,117032,117032,,,0.5,
case_062,1,3,True,955282,955282,86016,86016,,,201.2,
case_063,1,3,True,359105,359105,5495808,5495808,,,13.4,
case_064,1,3,True,17646,17646,117382,117382,,,0.3,
case_065,1,3,True,17966,17966,27648,27648,,,0.3,
case_066,1,3,True,168908,168908,1979482,1979482,,,1.6,
case_067,1,3,True,21673797,21673797,250816128,250816128,,,24.3,
case_068,1,3,True,172181,172181,2668770,2668770,,,1.2,
case_069,1,3,True,21838,21838,788514,788514,,,0.5,
case_070,1,3,True,41458,41458,176128,176128,,,0.5,
case_071,1,3,True,16201,16201,479260,479260,,,0.3,
case_072,1,3,True,7914084,7914084,88018992,88018992,,,97.9,
case_073,1,3,True,4084492,4084492,136747904,136747904,,,2.9,
case_074,1,3,True,544838,544838,7585792,7585792,,,4.0,
case_075,1,3,True,756355,756355,5103460,5103460,,,1.5,
case_076,1,3,True,2043989,2043989,30927876,30927876,,,103.1,
case_077,1,3,True,180572,180572,425870,425870,,,1.6,
case_078,1,3,True,902667,902667,11951544,11951544,,,0.4,
case_079,1,3,True,9817862,9817862,36765696,36765696,,,10.2,
case_080,1,3,True,100325,100325,3047424,3047424,,,0.4,
case_081,1,3,True,51943,51943,0,0,,,1.4,
case_082,1,3,True,268232,268232,1738500,1738500,,,1.2,
case_083,1,3,True,404888,404888,11005760,11005760,,,1.7,
case_084,1,3,True,836168,836168,3308544,3308544,,,25.3,
case_085,1,3,True,1589859,1589859,14939962,14939962,,,10.3,
case_086,1,3,True,61208,61208,1346240,1346240,,,1.3,
case_087,1,3,True,1459150,1459150,6727680,6727680,,,630.4,
case_088,1,3,True,115533,115533,1848762,1848762,,,0.9,
case_089,1,3,True,242914,242914,683776,683776,,,2.3,
case_090,1,3,True,506027,506027,21721008,21721008,,,0.6,
case_091,1,3,True,3078955,3078955,68036740,68036740,,,145.6,
case_092,1,3,True,1712160,1712160,36590944,36590944,,,62.7,
case_093,1,3,True,25103,25103,16384,16384,,,0.3,
case_094,1,3,True,34069,34069,212544,212544,,,0.3,
case_095,1,3,True,624024,624024,17805312,17805312,,,2.4,
case_096,1,3,True,43628,43628,177552,177552,,,0.4,
case_097,1,3,True,3554934,3554934,42156032,42156032,,,2.7,
case_098,1,3,True,82843,82843,2377992,2377992,,,0.5,
case_099,1,3,True,542088,542088,6660096,6660096,,,14.2,
case_100,1,3,True,63340,63340,1239434,1239434,,,0.5,
case_001,1,4,True,58984,58984,3456,3456,,,0.3,
case_002,1,4,True,69677,69677,86016,86016,,,0.6,
case_003,1,4,True,225366,225366,3751658,3751658,,,3.4,
case_004,1,4,True,104188,104188,331776,331776,,,0.3,
case_005,1,4,True,51248,51248,1263492,1263492,,,1.2,
case_006,1,4,True,33209,33209,1036744,1036744,,,0.3,
case_007,1,4,True,254398,254398,82944,82944,,,1.5,
case_008,1,4,True,122957,122957,995328,995328,,,0.4,
case_009,1,4,True,88247,88247,699372,699372,,,1.2,
case_010,1,4,True,35660,35660,676806,676806,,,0.3,
case_011,1,4,True,46880,46880,540672,540672,,,0.3,
case_012,1,4,True,18774,18774,0,0,,,0.5,
case_013,1,4,True,66982,66982,24576,24576,,,0.8,
case_014,1,4,True,4543341,4543341,90386328,90386328,,,1835.7,
case_015,1,4,True,53003,53003,461872,461872,,,0.4,
case_016,1,4,True,6919582,6919582,154476142,154476142,,,17.4,
case_017,1,4,True,44241,44241,245376,245376,,,0.6,
case_018,1,4,True,254677,254677,6238464,6238464,,,2.4,
case_019,1,4,True,24099,24099,0,0,,,0.3,
case_020,1,4,True,133704,133704,0,0,,,1.9,
case_021,1,4,True,1550324,1550324,4608000,4608000,,,1.6,
case_022,1,4,True,14940,14940,0,0,,,0.5,
case_023,1,4,True,30864,30864,147456,147456,,,0.4,
case_024,1,4,True,2359811,2359811,67376912,67376912,,,3.8,
case_025,1,4,True,1217444,1217444,82944,82944,,,59.3,
case_026,1,4,True,46327,46327,445288,445288,,,0.3,
case_027,1,4,True,559196,559196,2211840,2211840,,,0.6,
case_028,1,4,True,12041229,12041229,326568960,326568960,,,4.7,
case_029,1,4,True,11028,11028,0,0,,,0.3,
case_030,1,4,True,701262,701262,10560000,10560000,,,56.4,
case_031,1,4,True,362001,362001,5401088,5401088,,,10.2,
case_032,1,4,True,14775,14775,397156,397156,,,0.4,
case_033,1,4,True,446802,446802,7344224,7344224,,,4.1,
case_034,1,4,True,218066,218066,3101184,3101184,,,3.7,
case_035,1,4,True,105203,105203,1731896,1731896,,,1.0,
case_036,1,4,True,233584,233584,3456,3456,,,1.0,
case_037,1,4,True,53320,53320,614400,614400,,,0.3,
case_038,1,4,True,342469,342469,7945216,7945216,,,14.5,
case_039,1,4,True,379863,379863,11517952,11517952,,,11.5,
case_040,1,4,True,110202,110202,0,0,,,1.5,
case_041,1,4,True,1496957,1496957,38879232,38879232,,,274.0,
case_042,1,4,True,434592,434592,8503584,8503584,,,6.9,
case_043,1,4,True,242816,242816,4154484,4154484,,,2.3,
case_044,1,4,True,96401,96401,1283040,1283040,,,0.4,
case_045,1,4,True,31878,31878,0,0,,,0.4,
case_046,1,4,True,115384,115384,4554048,4554048,,,0.4,
case_047,1,4,True,144597,144597,2517116,2517116,,,2.9,
case_048,1,4,True,202773,202773,620994,620994,,,0.5,
case_049,1,4,True,78438,78438,978962,978962,,,1.0,
case_050,1,4,True,61002,61002,654496,654496,,,1.1,
case_051,1,4,True,533409,533409,16713772,16713772,,,0.7,
case_052,1,4,True,48113,48113,221184,221184,,,0.5,
case_053,1,4,True,556564,556564,11776336,11776336,,,5.5,
case_054,1,4,True,264500,264500,2551950,2551950,,,4.3,
case_055,1,4,True,31823,31823,115712,115712,,,0.5,
case_056,1,4,True,110892,110892,1490826,1490826,,,1.7,
case_057,1,4,True,22025,22025,180060,180060,,,0.3,
case_058,1,4,True,1154519,1154519,42622976,42622976,,,240.3,
case_059,1,4,True,185216,185216,1081344,1081344,,,0.9,
case_060,1,4,True,232939,232939,3217544,3217544,,,6.9,
case_061,1,4,True,28050,28050,164032,164032,,,0.5,
case_062,1,4,True,718373,718373,119808,119808,,,103.2,
case_063,1,4,True,271192,271192,104448,104448,,,5.0,
case_064,1,4,True,17646,17646,117382,117382,,,0.3,
case_065,1,4,True,13745,13745,41472,41472,,,0.3,
case_066,1,4,True,158070,158070,2396358,2396358,,,1.6,
case_067,1,4,True,17872457,17872457,256028288,256028288,,,10.7,
case_068,1,4,True,171012,171012,3075204,3075204,,,1.3,
case_069,1,4,True,18723,18723,173960,173960,,,0.3,
case_070,1,4,True,32371,32371,264192,264192,,,0.5,
case_071,1,4,True,13512,13512,220566,220566,,,0.3,
case_072,1,4,True,5935363,5935363,126956448,126956448,,,190.3,
case_073,1,4,True,3636147,3636147,136563328,136563328,,,2.6,
case_074,1,4,True,408750,408750,7819264,7819264,,,3.7,
case_075,1,4,True,483591,483591,5406232,5406232,,,1.6,
case_076,1,4,True,1533331,1533331,32051200,32051200,,,1377.5,
case_077,1,4,True,161888,161888,1359978,1359978,,,1.2,
case_078,1,4,True,679519,679519,11965008,11965008,,,0.4,
case_079,1,4,True,7635624,7635624,30445568,30445568,,,77.8,
case_080,1,4,True,91350,91350,1667072,1667072,,,0.4,
case_081,1,4,True,39588,39588,0,0,,,1.2,
case_082,1,4,True,249866,249866,2698382,2698382,,,1.2,
case_083,1,4,True,395632,395632,12578112,12578112,,,1.5,
case_084,1,4,True,629028,629028,0,0,,,12.4,
case_085,1,4,True,948232,948232,8025052,8025052,,,7.7,
case_086,1,4,True,56811,56811,1738222,1738222,,,1.2,
case_087,1,4,True,1152694,1152694,22261304,22261304,,,27.0,
case_088,1,4,True,115533,115533,1848762,1848762,,,0.8,
case_089,1,4,True,175600,175600,1033600,1033600,,,1.8,
case_090,1,4,True,506027,506027,21721008,21721008,,,0.5,
case_091,1,4,True,2321866,2321866,69020832,69020832,,,1508.2,
case_092,1,4,True,1527185,1527185,44909472,44909472,,,48.6,
case_093,1,4,True,19779,19779,24576,24576,,,0.3,
case_094,1,4,True,24860,24860,318816,318816,,,0.3,
case_095,1,4,True,518918,518918,18284544,18284544,,,2.2,
case_096,1,4,True,38923,38923,1295704,1295704,,,0.4,
case_097,1,4,True,2583836,2583836,14483456,14483456,,,1.7,
case_098,1,4,True,82843,82843,2377992,2377992,,,0.5,
case_099,1,4,True,407859,407859,9818112,9818112,,,15.1,
case_100,1,4,True,58085,58085,0,0,,,0.6,
case_001,1,5,True,47502,47502,4608,4608,,,0.3,
case_002,1,5,True,56971,56971,112128,112128,,,0.5,
case_003,1,5,True,224860,224860,4539968,4539968,,,3.7,
case_004,1,5,True,88341,88341,442368,442368,,,0.3,
case_005,1,5,True,51248,51248,1263492,1263492,,,1.2,
case_006,1,5,True,28796,28796,377182,377182,,,0.3,
case_007,1,5,True,203834,203834,110592,110592,,,1.1,
case_008,1,5,True,100500,100500,811008,811008,,,0.3,
case_009,1,5,True,68190,68190,825050,825050,,,1.3,
case_010,1,5,True,27970,27970,455990,455990,,,0.3,
case_011,1,5,True,46777,46777,1216512,1216512,,,0.3,
case_012,1,5,True,18241,18241,101380,101380,,,0.4,
case_013,1,5,True,54363,54363,32768,32768,,,0.7,
case_014,1,5,True,3722693,3722693,70838688,70838688,,,1519.9,
case_015,1,5,True,53003,53003,461872,461872,,,0.5,
case_016,1,5,True,6919582,6919582,154476142,154476142,,,17.6,
case_017,1,5,True,35157,35157,327168,327168,,,0.6,
case_018,1,5,True,204554,204554,3661824,3661824,,,1.7,
case_019,1,5,True,23617,23617,248220,248220,,,0.3,
case_020,1,5,True,107574,107574,0,0,,,1.8,
case_021,1,5,True,1249504,1249504,8908800,8908800,,,1.0,
case_022,1,5,True,14940,14940,0,0,,,0.6,
case_023,1,5,True,24927,24927,221184,221184,,,0.4,
case_024,1,5,True,2053364,2053364,67770326,67770326,,,4.6,
case_025,1,5,True,975282,975282,110592,110592,,,41.5,
case_026,1,5,True,45344,45344,419892,419892,,,0.3,
case_027,1,5,True,520248,520248,12343296,12343296,,,0.8,
case_028,1,5,True,10194624,10194624,326568960,326568960,,,5.0,
case_029,1,5,True,9383,9383,0,0,,,0.3,
case_030,1,5,True,561417,561417,11588608,11588608,,,57.5,
case_031,1,5,True,293945,293945,4911428,4911428,,,4.4,
case_032,1,5,True,11904,11904,127130,127130,,,0.3,
case_033,1,5,True,357201,357201,8111232,8111232,,,3.5,
case_034,1,5,True,180411,180411,3532800,3532800,,,3.4,
case_035,1,5,True,89476,89476,1821886,1821886,,,1.2,
case_036,1,5,True,187182,187182,4608,4608,,,0.9,
case_037,1,5,True,43013,43013,1310720,1310720,,,0.3,
case_038,1,5,True,275584,275584,9409536,9409536,,,14.7,
case_039,1,5,True,326287,326287,12304384,12304384,,,8.1,
case_040,1,5,True,110202,110202,0,0,,,1.5,
case_041,1,5,True,1192316,1192316,37172224,37172224,,,95.5,
case_042,1,5,True,351352,351352,9736192,9736192,,,6.0,
case_043,1,5,True,208601,208601,5033556,5033556,,,2.5,
case_044,1,5,True,96401,96401,1283040,1283040,,,0.4,
case_045,1,5,True,26088,26088,0,0,,,0.4,
case_046,1,5,True,115384,115384,4554048,4554048,,,0.4,
case_047,1,5,True,134932,134932,2310282,2310282,,,3.4,
case_048,1,5,True,202773,202773,620994,620994,,,0.6,
case_049,1,5,True,69579,69579,891320,891320,,,1.1,
case_050,1,5,True,57813,57813,735830,735830,,,1.0,
case_051,1,5,True,491857,491857,16648208,16648208,,,0.8,
case_052,1,5,True,37926,37926,73728,73728,,,0.4,
case_053,1,5,True,494868,494868,7148056,7148056,,,12.7,
case_054,1,5,True,264500,264500,2551950,2551950,,,4.6,
case_055,1,5,True,26800,26800,198656,198656,,,0.5,
case_056,1,5,True,96683,96683,1377620,1377620,,,1.7,
case_057,1,5,True,18596,18596,168018,168018,,,0.3,
case_058,1,5,True,948106,948106,31719424,31719424,,,196.7,
case_059,1,5,True,150782,150782,3063808,3063808,,,1.3,
case_060,1,5,True,179018,179018,4039168,4039168,,,7.8,
case_061,1,5,True,23868,23868,110634,110634,,,0.5,
case_062,1,5,True,575863,575863,153600,153600,,,91.3,
case_063,1,5,True,218990,218990,2113536,2113536,,,5.9,
case_064,1,5,True,16068,16068,165088,165088,,,0.3,
case_065,1,5,True,11421,11421,55296,55296,,,0.3,
case_066,1,5,True,121632,121632,2393192,2393192,,,1.7,
case_067,1,5,True,14414488,14414488,258091392,258091392,,,6.7,
case_068,1,5,True,151139,151139,3449990,3449990,,,1.4,
case_069,1,5,True,18723,18723,173960,173960,,,0.4,
case_070,1,5,True,30646,30646,352256,352256,,,0.5,
case_071,1,5,True,13512,13512,220566,220566,,,0.3,
case_072,1,5,True,4822195,4822195,130109488,130109488,,,1130.3,
case_073,1,5,True,3315822,3315822,139611648,139611648,,,2.3,
case_074,1,5,True,341070,341070,8425472,8425472,,,4.0,
case_075,1,5,True,462313,462313,5667772,5667772,,,1.7,
case_076,1,5,True,1233514,1233514,35630276,35630276,,,226.4,
case_077,1,5,True,135117,135117,1522830,1522830,,,1.2,
case_078,1,5,True,645756,645756,11594736,11594736,,,0.4,
case_079,1,5,True,6075976,6075976,47677440,47677440,,,341.1,
case_080,1,5,True,86030,86030,1904640,1904640,,,0.5,
case_081,1,5,True,30943,30943,0,0,,,1.1,
case_082,1,5,True,227315,227315,2671100,2671100,,,1.3,
case_083,1,5,True,344254,344254,10720768,10720768,,,1.3,
case_084,1,5,True,503472,503472,0,0,,,9.4,
case_085,1,5,True,909962,909962,11301760,11301760,,,7.0,
case_086,1,5,True,56811,56811,1738222,1738222,,,1.2,
case_087,1,5,True,965586,965586,23677874,23677874,,,31.0,
case_088,1,5,True,101323,101323,2383818,2383818,,,1.0,
case_089,1,5,True,144382,144382,1208832,1208832,,,1.7,
case_090,1,5,True,388325,388325,10869504,10869504,,,0.6,
case_091,1,5,True,1898042,1898042,73166848,73166848,,,1425.9,
case_092,1,5,True,1510160,1510160,58281984,58281984,,,67.4,
case_093,1,5,True,15876,15876,32768,32768,,,0.3,
case_094,1,5,True,21487,21487,425088,425088,,,0.3,
case_095,1,5,True,420852,420852,0,0,,,1.5,
case_096,1,5,True,38923,38923,1295704,1295704,,,0.4,
case_097,1,5,True,2102348,2102348,21311488,21311488,,,21.6,
case_098,1,5,True,75917,75917,1614026,1614026,,,0.5,
case_099,1,5,True,337370,337370,6799360,6799360,,,11.4,
case_100,1,5,True,58085,58085,0,0,,,0.5,
case_001,2,1,True,233110,233110,0,0,,,0.2,
case_002,2,1,True,261945,261945,0,0,,,0.5,
case_003,2,1,True,602212,602212,0,0,,,4.1,
case_004,2,1,True,392357,392357,0,0,,,0.2,
case_005,2,1,True,95618,95618,0,0,,,0.9,
case_006,2,1,True,82837,82837,16400,16400,,,0.2,
case_007,2,1,True,1012562,1012562,0,0,,,1.3,
case_008,2,1,True,487605,487605,0,0,,,0.3,
case_009,2,1,True,153261,153261,0,0,,,1.2,
case_010,2,1,True,86969,86969,0,0,,,0.2,
case_011,2,1,True,184697,184697,0,0,,,0.2,
case_012,2,1,True,59088,59088,0,0,,,0.3,
case_013,2,1,True,263949,263949,0,0,,,0.7,
case_014,2,1,True,17698626,17698626,71010720,71010720,,,19.2,
case_015,2,1,True,177362,177362,180256,180256,,,0.3,
case_016,2,1,True,7715523,7715523,0,0,,,9.7,
case_017,2,1,True,162810,162810,22528,22528,,,0.3,
case_018,2,1,True,1004367,1004367,1970176,1970176,,,0.6,
case_019,2,1,True,81144,81144,0,0,,,0.2,
case_020,2,1,True,532746,532746,0,0,,,1.0,
case_021,2,1,True,6567937,6567937,4501504,4501504,,,1.3,
case_022,2,1,True,56780,56780,0,0,,,0.3,
case_023,2,1,True,122614,122614,0,0,,,0.3,
case_024,2,1,True,2555343,2555343,0,0,,,1.4,
case_025,2,1,True,4863026,4863026,0,0,,,12.2,
case_026,2,1,True,99203,99203,0,0,,,0.2,
case_027,2,1,True,2363952,2363952,1400832,1400832,,,0.5,
case_028,2,1,True,43836040,43836040,277412256,277412256,,,16.0,
case_029,2,1,True,37555,37555,0,0,,,0.3,
case_030,2,1,True,2808034,2808034,5519360,5519360,,,2.0,
case_031,2,1,True,1414369,1414369,3491328,3491328,,,0.9,
case_032,2,1,True,41443,41443,0,0,,,0.3,
case_033,2,1,True,1774196,1774196,4592640,4592640,,,0.7,
case_034,2,1,True,842996,842996,1079832,1079832,,,0.9,
case_035,2,1,True,169571,169571,0,0,,,0.7,
case_036,2,1,True,931510,931510,0,0,,,0.9,
case_037,2,1,True,210001,210001,0,0,,,0.3,
case_038,2,1,True,1364555,1364555,5627904,5627904,,,1.1,
case_039,2,1,True,1435262,1435262,7929856,7929856,,,1.8,
case_040,2,1,True,253454,253454,0,0,,,0.5,
case_041,2,1,True,6003957,6003957,30898176,30898176,,,6.6,
case_042,2,1,True,1686740,1686740,6629376,6629376,,,1.0,
case_043,2,1,True,677656,677656,49160,49160,,,1.4,
case_044,2,1,True,154407,154407,4438112,4438112,,,0.4,
case_045,2,1,True,125614,125614,0,0,,,0.3,
case_046,2,1,True,276455,276455,3176288,3176288,,,0.3,
case_047,2,1,True,326508,326508,0,0,,,4.5,
case_048,2,1,True,222220,222220,0,0,,,0.4,
case_049,2,1,True,196276,196276,0,0,,,0.9,
case_050,2,1,True,149690,149690,0,0,,,0.9,
case_051,2,1,True,607628,607628,0,0,,,0.4,
case_052,2,1,True,180301,180301,0,0,,,0.4,
case_053,2,1,True,1472686,1472686,5405536,5405536,,,1.4,
case_054,2,1,True,815051,815051,0,0,,,6.0,
case_055,2,1,True,118835,118835,69632,69632,,,0.3,
case_056,2,1,True,277285,277285,0,0,,,1.7,
case_057,2,1,True,59726,59726,94216,94216,,,0.3,
case_058,2,1,True,4539717,4539717,28696576,28696576,,,10.9,
case_059,2,1,True,829473,829473,1691648,1691648,,,0.8,
case_060,2,1,True,888789,888789,2068520,2068520,,,1.1,
case_061,2,1,True,77191,77191,0,0,,,0.3,
case_062,2,1,True,2854809,2854809,0,0,,,6.0,
case_063,2,1,True,1070397,1070397,0,0,,,1.9,
case_064,2,1,True,19116,19116,0,0,,,0.2,
case_065,2,1,True,53068,53068,0,0,,,0.2,
case_066,2,1,True,359070,359070,0,0,,,1.2,
case_067,2,1,True,63834834,63834834,264449408,264449408,,,2.8,
case_068,2,1,True,362095,362095,0,0,,,0.9,
case_069,2,1,True,25144,25144,0,0,,,0.3,
case_070,2,1,True,117300,117300,0,0,,,0.3,
case_071,2,1,True,18919,18919,0,0,,,0.2,
case_072,2,1,True,23897828,23897828,108613680,108613680,,,15.8,
case_073,2,1,True,10081626,10081626,141570432,141570432,,,1.4,
case_074,2,1,True,1682239,1682239,6070280,6070280,,,0.7,
case_075,2,1,True,1441809,1441809,0,0,,,1.6,
case_076,2,1,True,6185113,6185113,28280832,28280832,,,12.8,
case_077,2,1,True,495320,495320,0,0,,,0.9,
case_078,2,1,True,2296143,2296143,12644568,12644568,,,0.3,
case_079,2,1,True,31052251,31052251,32448512,32448512,,,15.8,
case_080,2,1,True,292138,292138,548864,548864,,,0.3,
case_081,2,1,True,151795,151795,0,0,,,1.0,
case_082,2,1,True,721041,721041,0,0,,,0.9,
case_083,2,1,True,1057993,1057993,13934688,13934688,,,1.1,
case_084,2,1,True,2507412,2507412,0,0,,,3.6,
case_085,2,1,True,3187899,3187899,0,0,,,10.8,
case_086,2,1,True,118403,118403,0,0,,,0.9,
case_087,2,1,True,3974071,3974071,7902720,7902720,,,17.5,
case_088,2,1,True,243623,243623,0,0,,,0.6,
case_089,2,1,True,693092,693092,0,0,,,1.1,
case_090,2,1,True,1178363,1178363,21233592,21233592,,,0.5,
case_091,2,1,True,9186769,9186769,53947008,53947008,,,24.3,
case_092,2,1,True,4815554,4815554,66000096,66000096,,,11.3,
case_093,2,1,True,74205,74205,0,0,,,0.3,
case_094,2,1,True,94892,94892,0,0,,,0.2,
case_095,2,1,True,2084853,2084853,0,0,,,1.3,
case_096,2,1,True,84194,84194,0,0,,,0.3,
case_097,2,1,True,11491509,11491509,10584064,10584064,,,2.1,
case_098,2,1,True,177430,177430,0,0,,,0.3,
case_099,2,1,True,1622999,1622999,5484544,5484544,,,1.0,
case_100,2,1,True,151223,151223,0,0,,,0.3,
case_001,2,2,True,116868,116868,1152,1152,,,0.2,
case_002,2,2,True,121768,121768,90624,90624,,,0.4,
case_003,2,2,True,285420,285420,1550994,1550994,,,3.3,
case_004,2,2,True,195960,195960,1382400,1382400,,,0.3,
case_005,2,2,True,52975,52975,477222,477222,,,0.9,
case_006,2,2,True,40056,40056,501324,501324,,,0.2,
case_007,2,2,True,507494,507494,27648,27648,,,1.0,
case_008,2,2,True,155082,155082,0,0,,,0.3,
case_009,2,2,True,91267,91267,299150,299150,,,1.1,
case_010,2,2,True,41582,41582,496332,496332,,,0.2,
case_011,2,2,True,92646,92646,180224,180224,,,0.2,
case_012,2,2,True,21950,21950,0,0,,,0.3,
case_013,2,2,True,132198,132198,8192,8192,,,0.6,
case_014,2,2,True,8904271,8904271,76033440,76033440,,,16.8,
case_015,2,2,True,83564,83564,240928,240928,,,0.3,
case_016,2,2,True,7715523,7715523,0,0,,,10.0,
case_017,2,2,True,71293,71293,81792,81792,,,0.4,
case_018,2,2,True,503406,503406,3347456,3347456,,,0.6,
case_019,2,2,True,34656,34656,510500,510500,,,0.2,
case_020,2,2,True,266580,266580,0,0,,,0.8,
case_021,2,2,True,3194570,3194570,3174400,3174400,,,1.0,
case_022,2,2,True,27481,27481,0,0,,,0.3,
case_023,2,2,True,41726,41726,73728,73728,,,0.3,
case_024,2,2,True,2555343,2555343,0,0,,,1.4,
case_025,2,2,True,2431840,2431840,27648,27648,,,7.8,
case_026,2,2,True,48612,48612,218548,218548,,,0.2,
case_027,2,2,True,1115722,1115722,1105920,1105920,,,0.4,
case_028,2,2,True,20028806,20028806,20677824,20677824,,,6.3,
case_029,2,2,True,19737,19737,16400,16400,,,0.3,
case_030,2,2,True,1399993,1399993,7834624,7834624,,,1.6,
case_031,2,2,True,711625,711625,4581888,4581888,,,0.8,
case_032,2,2,True,21098,21098,168116,168116,,,0.3,
case_033,2,2,True,893844,893844,4953600,4953600,,,0.7,
case_034,2,2,True,412272,412272,1238528,1238528,,,0.7,
case_035,2,2,True,95406,95406,0,0,,,0.7,
case_036,2,2,True,466068,466068,1152,1152,,,0.8,
case_037,2,2,True,105374,105374,204800,204800,,,0.3,
case_038,2,2,True,679097,679097,5607936,5607936,,,1.1,
case_039,2,2,True,708561,708561,11067392,11067392,,,1.3,
case_040,2,2,True,128421,128421,0,0,,,0.6,
case_041,2,2,True,2986534,2986534,33595392,33595392,,,4.9,
case_042,2,2,True,842623,842623,7265568,7265568,,,1.0,
case_043,2,2,True,327858,327858,1884268,1884268,,,1.7,
case_044,2,2,True,43959,43959,930400,930400,,,0.4,
case_045,2,2,True,63059,63059,0,0,,,0.3,
case_046,2,2,True,105718,105718,930400,930400,,,0.3,
case_047,2,2,True,156922,156922,794950,794950,,,3.7,
case_048,2,2,True,159142,159142,233030,233030,,,0.5,
case_049,2,2,True,100467,100467,319282,319282,,,0.9,
case_050,2,2,True,80347,80347,272582,272582,,,0.8,
case_051,2,2,True,607628,607628,0,0,,,0.4,
case_052,2,2,True,71775,71775,73728,73728,,,0.3,
case_053,2,2,True,703950,703950,2184118,2184118,,,2.5,
case_054,2,2,True,411504,411504,933062,933062,,,4.5,
case_055,2,2,True,48250,48250,98816,98816,,,0.4,
case_056,2,2,True,130574,130574,496950,496950,,,1.6,
case_057,2,2,True,30053,30053,269820,269820,,,0.3,
case_058,2,2,True,2263428,2263428,33492992,33492992,,,2.8,
case_059,2,2,True,369318,369318,360448,360448,,,0.7,
case_060,2,2,True,452002,452002,2724108,2724108,,,1.0,
case_061,2,2,True,38873,38873,25344,25344,,,0.3,
case_062,2,2,True,1429017,1429017,53760,53760,,,2.9,
case_063,2,2,True,534284,534284,9019392,9019392,,,1.7,
case_064,2,2,True,13698,13698,61542,61542,,,0.3,
case_065,2,2,True,21905,21905,13824,13824,,,0.2,
case_066,2,2,True,197561,197561,952044,952044,,,1.1,
case_067,2,2,True,30338059,30338059,8325504,8325504,,,1.5,
case_068,2,2,True,197044,197044,1553566,1553566,,,1.1,
case_069,2,2,True,13266,13266,371046,371046,,,0.3,
case_070,2,2,True,47580,47580,88064,88064,,,0.3,
case_071,2,2,True,11459,11459,326886,326886,,,0.3,
case_072,2,2,True,11846123,11846123,113201200,113201200,,,12.9,
case_073,2,2,True,4236675,4236675,3721600,3721600,,,1.0,
case_074,2,2,True,826937,826937,6590472,6590472,,,0.8,
case_075,2,2,True,670177,670177,2310790,2310790,,,1.6,
case_076,2,2,True,3067902,3067902,31201280,31201280,,,13.4,
case_077,2,2,True,250735,250735,57344,57344,,,0.7,
case_078,2,2,True,1022234,1022234,2148480,2148480,,,0.3,
case_079,2,2,True,15159240,15159240,32612352,32612352,,,10.2,
case_080,2,2,True,145926,145926,2191360,2191360,,,0.4,
case_081,2,2,True,76860,76860,0,0,,,0.8,
case_082,2,2,True,331837,331837,832902,832902,,,1.0,
case_083,2,2,True,419453,419453,930400,930400,,,0.8,
case_084,2,2,True,1255052,1255052,0,0,,,2.3,
case_085,2,2,True,1503897,1503897,3911858,3911858,,,10.4,
case_086,2,2,True,63004,63004,518694,518694,,,0.9,
case_087,2,2,True,1993185,1993185,8248320,8248320,,,10.9,
case_088,2,2,True,130634,130634,1049798,1049798,,,0.8,
case_089,2,2,True,295144,295144,238720,238720,,,0.9,
case_090,2,2,True,430364,430364,2917248,2917248,,,0.5,
case_091,2,2,True,4571759,4571759,57904096,57904096,,,19.8,
case_092,2,2,True,1926278,1926278,5437728,5437728,,,3.5,
case_093,2,2,True,37827,37827,8192,8192,,,0.2,
case_094,2,2,True,43154,43154,114464,114464,,,0.2,
case_095,2,2,True,1042890,1042890,0,0,,,1.1,
case_096,2,2,True,40994,40994,124748,124748,,,0.3,
case_097,2,2,True,5478142,5478142,14655488,14655488,,,1.6,
case_098,2,2,True,87157,87157,960674,960674,,,0.4,
case_099,2,2,True,810196,810196,7315456,7315456,,,1.0,
case_100,2,2,True,85674,85674,306188,306188,,,0.3,
case_001,2,3,True,78545,78545,2304,2304,,,0.3,
case_002,2,3,True,82329,82329,138240,138240,,,0.4,
case_003,2,3,True,252886,252886,2358296,2358296,,,2.8,
case_004,2,3,True,130725,130725,221184,221184,,,0.3,
case_005,2,3,True,38285,38285,801420,801420,,,1.0,
case_006,2,3,True,27488,27488,618368,618368,,,0.3,
case_007,2,3,True,338094,338094,55296,55296,,,0.9,
case_008,2,3,True,110895,110895,0,0,,,0.4,
case_009,2,3,True,66004,66004,574108,574108,,,1.1,
case_010,2,3,True,27958,27958,548196,548196,,,0.3,
case_011,2,3,True,65543,65543,1200128,1200128,,,0.3,
case_012,2,3,True,18325,18325,163322,163322,,,0.3,
case_013,2,3,True,88351,88351,16384,16384,,,0.6,
case_014,2,3,True,5933771,5933771,80019536,80019536,,,15.1,
case_015,2,3,True,58469,58469,1464888,1464888,,,0.4,
case_016,2,3,True,7715523,7715523,0,0,,,10.6,
case_017,2,3,True,44420,44420,163584,163584,,,0.4,
case_018,2,3,True,338456,338456,3903872,3903872,,,0.7,
case_019,2,3,True,27380,27380,685380,685380,,,0.3,
case_020,2,3,True,177950,177950,0,0,,,0.8,
case_021,2,3,True,2104376,2104376,7186432,7186432,,,1.0,
case_022,2,3,True,19193,19193,112516,112516,,,0.4,
case_023,2,3,True,28284,28284,147456,147456,,,0.3,
case_024,2,3,True,2159403,2159403,22415452,22415452,,,1.3,
case_025,2,3,True,1622164,1622164,55296,55296,,,5.8,
case_026,2,3,True,38424,38424,923392,923392,,,0.3,
case_027,2,3,True,764163,764163,6107136,6107136,,,0.5,
case_028,2,3,True,13289382,13289382,11546880,11546880,,,5.1,
case_029,2,3,True,12743,12743,0,0,,,0.3,
case_030,2,3,True,931329,931329,9363456,9363456,,,1.7,
case_031,2,3,True,478206,478206,4969984,4969984,,,0.9,
case_032,2,3,True,12670,12670,205008,205008,,,0.3,
case_033,2,3,True,589568,589568,7086144,7086144,,,0.7,
case_034,2,3,True,272649,272649,2328576,2328576,,,0.8,
case_035,2,3,True,78824,78824,765572,765572,,,0.9,
case_036,2,3,True,311345,311345,2304,2304,,,0.7,
case_037,2,3,True,72874,72874,1003520,1003520,,,0.3,
case_038,2,3,True,458108,458108,7012352,7012352,,,1.2,
case_039,2,3,True,482923,482923,10113024,10113024,,,1.1,
case_040,2,3,True,110105,110105,0,0,,,0.6,
case_041,2,3,True,1994174,1994174,35017728,35017728,,,4.4,
case_042,2,3,True,571713,571713,7746560,7746560,,,1.0,
case_043,2,3,True,230016,230016,3085000,3085000,,,1.5,
case_044,2,3,True,43959,43959,930400,930400,,,0.4,
case_045,2,3,True,42601,42601,0,0,,,0.3,
case_046,2,3,True,105663,105663,2064576,2064576,,,0.3,
case_047,2,3,True,122587,122587,1239692,1239692,,,2.9,
case_048,2,3,True,149061,149061,576140,576140,,,0.5,
case_049,2,3,True,81125,81125,497688,497688,,,0.9,
case_050,2,3,True,55518,55518,481660,481660,,,0.8,
case_051,2,3,True,484407,484407,10748968,10748968,,,0.4,
case_052,2,3,True,48446,48446,147456,147456,,,0.3,
case_053,2,3,True,553159,553159,2848940,2848940,,,2.2,
case_054,2,3,True,342634,342634,1613448,1613448,,,3.0,
case_055,2,3,True,33559,33559,99328,99328,,,0.4,
case_056,2,3,True,90771,90771,767084,767084,,,1.5,
case_057,2,3,True,21820,21820,397250,397250,,,0.3,
case_058,2,3,True,1510985,1510985,31211520,31211520,,,3.1,
case_059,2,3,True,255358,255358,2162688,2162688,,,0.7,
case_060,2,3,True,298981,298981,3164416,3164416,,,1.0,
case_061,2,3,True,29597,29597,179618,179618,,,0.4,
case_062,2,3,True,954231,954231,72192,72192,,,2.9,
case_063,2,3,True,346909,346909,4116480,4116480,,,1.4,
case_064,2,3,True,11449,11449,99404,99404,,,0.3,
case_065,2,3,True,14937,14937,27648,27648,,,0.2,
case_066,2,3,True,142974,142974,1398840,1398840,,,1.1,
case_067,2,3,True,20153440,20153440,10769152,10769152,,,1.4,
case_068,2,3,True,147939,147939,2085676,2085676,,,1.1,
case_069,2,3,True,12194,12194,335116,335116,,,0.3,
case_070,2,3,True,40551,40551,176128,176128,,,0.3,
case_071,2,3,True,10712,10712,229324,229324,,,0.3,
case_072,2,3,True,8000696,8000696,119709046,119709046,,,12.7,
case_073,2,3,True,2831560,2831560,7443200,7443200,,,0.9,
case_074,2,3,True,544838,544838,7585792,7585792,,,0.9,
case_075,2,3,True,572934,572934,3422476,3422476,,,1.4,
case_076,2,3,True,2054012,2054012,34470912,34470912,,,14.0,
case_077,2,3,True,176359,176359,932152,932152,,,0.8,
case_078,2,3,True,917340,917340,6471168,6471168,,,0.3,
case_079,2,3,True,10072944,10072944,32722944,32722944,,,7.7,
case_080,2,3,True,100165,100165,3932160,3932160,,,0.4,
case_081,2,3,True,51943,51943,0,0,,,0.8,
case_082,2,3,True,227528,227528,1428236,1428236,,,0.9,
case_083,2,3,True,288815,288815,1860800,1860800,,,0.7,
case_084,2,3,True,836220,836220,0,0,,,2.0,
case_085,2,3,True,1272448,1272448,5532684,5532684,,,7.2,
case_086,2,3,True,47791,47791,919116,919116,,,0.9,
case_087,2,3,True,1459150,1459150,6727680,6727680,,,9.1,
case_088,2,3,True,99762,99762,1449996,1449996,,,0.8,
case_089,2,3,True,206778,206778,477440,477440,,,0.8,
case_090,2,3,True,326383,326383,4296960,4296960,,,0.4,
case_091,2,3,True,3074692,3074692,60897408,60897408,,,15.0,
case_092,2,3,True,1275324,1275324,3859648,3859648,,,3.2,
case_093,2,3,True,25103,25103,16384,16384,,,0.2,
case_094,2,3,True,26395,26395,212544,212544,,,0.2,
case_095,2,3,True,673706,673706,16330752,16330752,,,1.2,
case_096,2,3,True,33260,33260,125704,125704,,,0.3,
case_097,2,3,True,3568148,3568148,18454528,18454528,,,1.3,
case_098,2,3,True,64508,64508,1341690,1341690,,,0.4,
case_099,2,3,True,541232,541232,6590464,6590464,,,1.1,
case_100,2,3,True,57948,57948,0,0,,,0.3,
case_001,2,4,True,58984,58984,3456,3456,,,0.2,
case_002,2,4,True,65392,65392,181248,181248,,,0.4,
case_003,2,4,True,182260,182260,3927966,3927966,,,2.7,
case_004,2,4,True,100126,100126,331776,331776,,,0.3,
case_005,2,4,True,38285,38285,801420,801420,,,0.9,
case_006,2,4,True,25390,25390,493156,493156,,,0.3,
case_007,2,4,True,254398,254398,82944,82944,,,0.8,
case_008,2,4,True,88500,88500,0,0,,,0.3,
case_009,2,4,True,63921,63921,747930,747930,,,1.0,
case_010,2,4,True,25971,25971,635524,635524,,,0.3,
case_011,2,4,True,46880,46880,540672,540672,,,0.2,
case_012,2,4,True,15493,15493,74960,74960,,,0.3,
case_013,2,4,True,66982,66982,24576,24576,,,0.5,
case_014,2,4,True,4511152,4511152,87805200,87805200,,,15.8,
case_015,2,4,True,43898,43898,832948,832948,,,0.4,
case_016,2,4,True,6104382,6104382,35524768,35524768,,,4.9,
case_017,2,4,True,35734,35734,240768,240768,,,0.3,
case_018,2,4,True,254778,254778,5118976,5118976,,,0.7,
case_019,2,4,True,21169,21169,582148,582148,,,0.3,
case_020,2,4,True,133704,133704,0,0,,,0.8,
case_021,2,4,True,1550324,1550324,4608000,4608000,,,0.8,
case_022,2,4,True,14940,14940,0,0,,,0.3,
case_023,2,4,True,28284,28284,147456,147456,,,0.3,
case_024,2,4,True,2006540,2006540,29037088,29037088,,,1.4,
case_025,2,4,True,1217444,1217444,82944,82944,,,5.5,
case_026,2,4,True,38424,38424,923392,923392,,,0.3,
case_027,2,4,True,559196,559196,2211840,2211840,,,0.4,
case_028,2,4,True,10099681,10099681,11508096,11508096,,,6.3,
case_029,2,4,True,11028,11028,0,0,,,0.3,
case_030,2,4,True,699599,699599,8380416,8380416,,,1.8,
case_031,2,4,True,360302,360302,5298688,5298688,,,0.9,
case_032,2,4,True,11276,11276,0,0,,,0.3,
case_033,2,4,True,446802,446802,7344224,7344224,,,0.9,
case_034,2,4,True,209623,209623,3019264,3019264,,,0.8,
case_035,2,4,True,78073,78073,1128234,1128234,,,0.9,
case_036,2,4,True,233584,233584,3456,3456,,,0.7,
case_037,2,4,True,53320,53320,614400,614400,,,0.3,
case_038,2,4,True,339997,339997,7758336,7758336,,,1.2,
case_039,2,4,True,374421,374421,10510336,10510336,,,1.2,
case_040,2,4,True,102570,102570,1931186,1931186,,,0.8,
case_041,2,4,True,1496957,1496957,38879232,38879232,,,4.2,
case_042,2,4,True,434592,434592,8503584,8503584,,,1.0,
case_043,2,4,True,205499,205499,4132756,4132756,,,1.6,
case_044,2,4,True,43959,43959,930400,930400,,,0.3,
case_045,2,4,True,31878,31878,0,0,,,0.3,
case_046,2,4,True,92005,92005,2213920,2213920,,,0.3,
case_047,2,4,True,113671,113671,1947090,1947090,,,2.8,
case_048,2,4,True,143466,143466,1756370,1756370,,,0.6,
case_049,2,4,True,61217,61217,751934,751934,,,0.9,
case_050,2,4,True,43625,43625,571290,571290,,,0.8,
case_051,2,4,True,345402,345402,2228604,2228604,,,0.4,
case_052,2,4,True,37183,37183,221184,221184,,,0.3,
case_053,2,4,True,448335,448335,12542018,12542018,,,3.9,
case_054,2,4,True,245854,245854,2545234,2545234,,,3.9,
case_055,2,4,True,30663,30663,677058,677058,,,0.4,
case_056,2,4,True,88923,88923,1107930,1107930,,,1.4,
case_057,2,4,True,17875,17875,382150,382150,,,0.3,
case_058,2,4,True,1153590,1153590,31985664,31985664,,,3.1,
case_059,2,4,True,185216,185216,1081344,1081344,,,0.7,
case_060,2,4,True,229829,229829,3510784,3510784,,,0.9,
case_061,2,4,True,22111,22111,50688,50688,,,0.3,
case_062,2,4,True,716795,716795,89088,89088,,,3.8,
case_063,2,4,True,270124,270124,64512,64512,,,1.1,
case_064,2,4,True,11254,11254,122098,122098,,,0.3,
case_065,2,4,True,11760,11760,41472,41472,,,0.2,
case_066,2,4,True,132815,132815,2060756,2060756,,,1.1,
case_067,2,4,True,15143945,15143945,14048384,14048384,,,1.4,
case_068,2,4,True,124804,124804,3208234,3208234,,,1.1,
case_069,2,4,True,11407,11407,432114,432114,,,0.3,
case_070,2,4,True,29097,29097,264192,264192,,,0.3,
case_071,2,4,True,9045,9045,267856,267856,,,0.3,
case_072,2,4,True,5941844,5941844,125858856,125858856,,,11.1,
case_073,2,4,True,2208323,2208323,11164800,11164800,,,1.0,
case_074,2,4,True,408750,408750,7819264,7819264,,,0.8,
case_075,2,4,True,383971,383971,5734290,5734290,,,1.5,
case_076,2,4,True,1533331,1533331,32051200,32051200,,,13.8,
case_077,2,4,True,131477,131477,147094,147094,,,0.7,
case_078,2,4,True,523604,523604,8694144,8694144,,,0.4,
case_079,2,4,True,7635624,7635624,30445568,30445568,,,6.5,
case_080,2,4,True,81859,81859,2543616,2543616,,,0.4,
case_081,2,4,True,39588,39588,0,0,,,0.7,
case_082,2,4,True,215554,215554,2106514,2106514,,,0.9,
case_083,2,4,True,210763,210763,2791200,2791200,,,0.8,
case_084,2,4,True,629028,629028,0,0,,,1.9,
case_085,2,4,True,816364,816364,8300178,8300178,,,8.3,
case_086,2,4,True,40468,40468,1363698,1363698,,,0.9,
case_087,2,4,True,1140911,1140911,21730796,21730796,,,10.0,
case_088,2,4,True,89270,89270,2268882,2268882,,,0.7,
case_089,2,4,True,148144,148144,716160,716160,,,0.9,
case_090,2,4,True,278236,278236,7285632,7285632,,,0.5,
case_091,2,4,True,2321866,2321866,69020832,69020832,,,16.8,
case_092,2,4,True,966196,966196,3905312,3905312,,,3.5,
case_093,2,4,True,19779,19779,24576,24576,,,0.2,
case_094,2,4,True,20034,20034,318528,318528,,,0.2,
case_095,2,4,True,524422,524422,0,0,,,1.0,
case_096,2,4,True,26984,26984,0,0,,,0.3,
case_097,2,4,True,2626908,2626908,14221312,14221312,,,1.3,
case_098,2,4,True,64508,64508,1341690,1341690,,,0.4,
case_099,2,4,True,405864,405864,9782400,9782400,,,1.1,
case_100,2,4,True,49328,49328,1560842,1560842,,,0.4,
case_001,2,5,True,47502,47502,4608,4608,,,0.2,
case_002,2,5,True,54581,54581,207360,207360,,,0.5,
case_003,2,5,True,182260,182260,3927966,3927966,,,2.8,
case_004,2,5,True,83319,83319,442368,442368,,,0.3,
case_005,2,5,True,36630,36630,837720,837720,,,0.8,
case_006,2,5,True,22940,22940,336400,336400,,,0.3,
case_007,2,5,True,203834,203834,110592,110592,,,0.9,
case_008,2,5,True,71833,71833,0,0,,,0.3,
case_009,2,5,True,49750,49750,929592,929592,,,1.1,
case_010,2,5,True,23284,23284,471140,471140,,,0.3,
case_011,2,5,True,40551,40551,1650688,1650688,,,0.3,
case_012,2,5,True,13832,13832,0,0,,,0.3,
case_013,2,5,True,54363,54363,32768,32768,,,0.6,
case_014,2,5,True,3643563,3643563,60562848,60562848,,,14.0,
case_015,2,5,True,42014,42014,317952,317952,,,0.3,
case_016,2,5,True,6104382,6104382,35524768,35524768,,,5.1,
case_017,2,5,True,29386,29386,327168,327168,,,0.4,
case_018,2,5,True,204554,204554,3661824,3661824,,,0.6,
case_019,2,5,True,17971,17971,503844,503844,,,0.3,
case_020,2,5,True,107574,107574,0,0,,,0.8,
case_021,2,5,True,1250168,1250168,11431936,11431936,,,1.0,
case_022,2,5,True,12461,12461,157360,157360,,,0.4,
case_023,2,5,True,21898,21898,544408,544408,,,0.3,
case_024,2,5,True,1579198,1579198,30282428,30282428,,,1.6,
case_025,2,5,True,975282,975282,110592,110592,,,4.7,
case_026,2,5,True,38424,38424,923392,923392,,,0.3,
case_027,2,5,True,487450,487450,12023808,12023808,,,0.5,
case_028,2,5,True,8055128,8055128,12550656,12550656,,,6.2,
case_029,2,5,True,9164,9164,67656,67656,,,0.3,
case_030,2,5,True,561417,561417,11588608,11588608,,,1.7,
case_031,2,5,True,293958,293958,4816896,4816896,,,0.9,
case_032,2,5,True,10350,10350,0,0,,,0.3,
case_033,2,5,True,357201,357201,8111232,8111232,,,0.8,
case_034,2,5,True,165143,165143,3508224,3508224,,,0.9,
case_035,2,5,True,64436,64436,1160968,1160968,,,0.9,
case_036,2,5,True,187182,187182,4608,4608,,,0.7,
case_037,2,5,True,43013,43013,1310720,1310720,,,0.3,
case_038,2,5,True,275584,275584,9409536,9409536,,,1.4,
case_039,2,5,True,311816,311816,11489280,11489280,,,1.2,
case_040,2,5,True,102570,102570,1931186,1931186,,,0.9,
case_041,2,5,True,1193573,1193573,40452096,40452096,,,4.4,
case_042,2,5,True,343502,343502,9689088,9689088,,,1.1,
case_043,2,5,True,180949,180949,5217408,5217408,,,1.7,
case_044,2,5,True,43959,43959,930400,930400,,,0.4,
case_045,2,5,True,26088,26088,0,0,,,0.3,
case_046,2,5,True,92005,92005,2213920,2213920,,,0.3,
case_047,2,5,True,102458,102458,2584600,2584600,,,2.7,
case_048,2,5,True,143466,143466,1756370,1756370,,,0.6,
case_049,2,5,True,59412,59412,872740,872740,,,0.9,
case_050,2,5,True,43625,43625,571290,571290,,,0.8,
case_051,2,5,True,345402,345402,2228604,2228604,,,0.4,
case_052,2,5,True,30397,30397,294912,294912,,,0.3,
case_053,2,5,True,392998,392998,14846008,14846008,,,3.7,
case_054,2,5,True,245854,245854,2545234,2545234,,,3.9,
case_055,2,5,True,26653,26653,427118,427118,,,0.4,
case_056,2,5,True,76464,76464,1454488,1454488,,,1.4,
case_057,2,5,True,15599,15599,250392,250392,,,0.3,
case_058,2,5,True,948106,948106,31719424,31719424,,,4.2,
case_059,2,5,True,150736,150736,4325376,4325376,,,0.8,
case_060,2,5,True,179018,179018,4039168,4039168,,,1.0,
case_061,2,5,True,19552,19552,328440,328440,,,0.3,
case_062,2,5,True,574337,574337,86016,86016,,,3.9,
case_063,2,5,True,213041,213041,367104,367104,,,1.2,
case_064,2,5,True,11254,11254,122098,122098,,,0.3,
case_065,2,5,True,10622,10622,55296,55296,,,0.2,
case_066,2,5,True,109925,109925,2476400,2476400,,,1.1,
case_067,2,5,True,12531847,12531847,17327616,17327616,,,1.3,
case_068,2,5,True,124172,124172,3538800,3538800,,,1.1,
case_069,2,5,True,11323,11323,351476,351476,,,0.3,
case_070,2,5,True,26399,26399,690024,690024,,,0.4,
case_071,2,5,True,9045,9045,267856,267856,,,0.3,
case_072,2,5,True,4804197,4804197,130011184,130011184,,,10.3,
case_073,2,5,True,1816764,1816764,14886400,14886400,,,1.0,
case_074,2,5,True,336523,336523,8302592,8302592,,,0.8,
case_075,2,5,True,365235,365235,6600472,6600472,,,1.5,
case_076,2,5,True,1235977,1235977,34179072,34179072,,,14.0,
case_077,2,5,True,118802,118802,1592816,1592816,,,0.9,
case_078,2,5,True,486337,486337,11371008,11371008,,,0.4,
case_079,2,5,True,6075976,6075976,47677440,47677440,,,7.3,
case_080,2,5,True,76491,76491,2031616,2031616,,,0.3,
case_081,2,5,True,30943,30943,0,0,,,0.7,
case_082,2,5,True,198621,198621,2932248,2932248,,,1.0,
case_083,2,5,True,184990,184990,3721600,3721600,,,0.7,
case_084,2,5,True,503472,503472,0,0,,,1.8,
case_085,2,5,True,816364,816364,8300178,8300178,,,7.8,
case_086,2,5,True,40468,40468,1363698,1363698,,,0.9,
case_087,2,5,True,894365,894365,6981120,6981120,,,7.6,
case_088,2,5,True,84089,84089,2451224,2451224,,,0.9,
case_089,2,5,True,119458,119458,954880,954880,,,0.8,
case_090,2,5,True,278236,278236,7285632,7285632,,,0.5,
case_091,2,5,True,1898042,1898042,73166848,73166848,,,15.9,
case_092,2,5,True,780940,780940,3950976,3950976,,,3.0,
case_093,2,5,True,15876,15876,32768,32768,,,0.2,
case_094,2,5,True,18550,18550,425088,425088,,,0.3,
case_095,2,5,True,420852,420852,0,0,,,0.9,
case_096,2,5,True,25104,25104,597692,597692,,,0.4,
case_097,2,5,True,2102348,2102348,21311488,21311488,,,1.6,
case_098,2,5,True,60773,60773,1254586,1254586,,,0.4,
case_099,2,5,True,336006,336006,7528448,7528448,,,1.1,
case_100,2,5,True,49328,49328,1560842,1560842,,,0.4,
case_001,3,1,True,233110,233110,0,0,0.0,0.0,0.2,
case_002,3,1,True,261945,261945,0,0,0.0,0.0,0.5,
case_003,3,1,True,602212,602212,0,0,0.0,0.0,4.4,
case_004,3,1,True,392357,392357,0,0,0.0,0.0,0.3,
case_005,3,1,True,95618,95618,0,0,0.0,0.0,0.8,
case_006,3,1,True,82837,82837,16400,16400,0.029275126148920052,0.029275126148920052,0.2,
case_007,3,1,True,1012562,1012562,0,0,0.0,0.0,1.2,
case_008,3,1,True,487605,487605,0,0,0.0,0.0,0.4,
case_009,3,1,True,153261,153261,0,0,0.0,0.0,1.3,
case_010,3,1,True,86969,86969,0,0,0.0,0.0,0.2,
case_011,3,1,True,184697,184697,0,0,0.0,0.0,0.2,
case_012,3,1,True,59088,59088,0,0,0.0,0.0,0.3,
case_013,3,1,True,263949,263949,0,0,0.0,0.0,0.7,
case_014,3,1,True,17689602,17689602,71010720,71010720,0.12291025483195864,0.12291025483195864,19.7,
case_015,3,1,True,177362,177362,180256,180256,0.1692685978123867,0.1692685978123867,0.3,
case_016,3,1,True,7715523,7715523,0,0,0.0,0.0,10.7,
case_017,3,1,True,162810,162810,22528,22528,0.040398388942088706,0.040398388942088706,0.4,
case_018,3,1,True,1003110,1003110,1970176,1970176,0.34375031576536474,0.34375031576536474,0.6,
case_019,3,1,True,81144,81144,0,0,0.0,0.0,0.2,
case_020,3,1,True,532746,532746,0,0,0.0,0.0,1.0,
case_021,3,1,True,6558837,6558837,4501504,4501504,0.5005973715651135,0.5005973715651135,1.3,
case_022,3,1,True,56780,56780,0,0,0.0,0.0,0.3,
case_023,3,1,True,122614,122614,0,0,0.0,0.0,0.3,
case_024,3,1,True,2555343,2555343,0,0,0.0,0.0,1.5,
case_025,3,1,True,4863026,4863026,0,0,0.0,0.0,12.4,
case_026,3,1,True,99203,99203,0,0,0.0,0.0,0.2,
case_027,3,1,True,2359515,2359515,1400832,1400832,0.2689393939393939,0.2689393939393939,0.5,
case_028,3,1,True,43836040,43836040,277412256,277412256,0.0,0.0,16.9,
case_029,3,1,True,37555,37555,0,0,0.0,0.0,0.3,
case_030,3,1,True,2807891,2807891,5519360,5519360,0.259867995341012,0.259867995341012,2.0,
case_031,3,1,True,1414159,1414159,3491328,3491328,0.26059362793218216,0.26059362793218216,0.9,
case_032,3,1,True,41443,41443,0,0,0.0,0.0,0.3,
case_033,3,1,True,1774080,1774080,4592640,4592640,0.09627692445862406,0.09627692445862406,0.8,
case_034,3,1,True,842733,842733,1079832,1079832,0.309046599146855,0.309046599146855,0.9,
case_035,3,1,True,169571,169571,0,0,0.0,0.0,0.8,
case_036,3,1,True,931510,931510,0,0,0.0,0.0,0.8,
case_037,3,1,True,210001,210001,0,0,0.0,0.0,0.3,
case_038,3,1,True,1363312,1363312,5627904,5627904,0.1736168151396097,0.1736168151396097,1.2,
case_039,3,1,True,1435262,1435262,7929856,7929856,0.0,0.0,1.7,
case_040,3,1,True,253454,253454,0,0,0.0,0.0,0.6,
case_041,3,1,True,6001575,6001575,30898176,30898176,0.10163681549404405,0.10163681549404405,6.8,
case_042,3,1,True,1675633,1675633,6629376,6629376,0.3186917583766532,0.3186917583766532,1.1,
case_043,3,1,True,677656,677656,49160,49160,0.03320740032104811,0.03320740032104811,1.3,
case_044,3,1,True,107814,107814,4438112,4438112,0.8199885718367201,0.8199885718367201,0.4,
case_045,3,1,True,125614,125614,0,0,0.0,0.0,0.3,
case_046,3,1,True,244994,244994,3176288,3176288,0.7530304668077024,0.7530304668077024,0.3,
case_047,3,1,True,326508,326508,0,0,0.0,0.0,4.6,
case_048,3,1,True,222220,222220,0,0,0.0,0.0,0.4,
case_049,3,1,True,196276,196276,0,0,0.0,0.0,1.0,
case_050,3,1,True,149690,149690,0,0,0.0,0.0,0.9,
case_051,3,1,True,607628,607628,0,0,0.0,0.0,0.3,
case_052,3,1,True,180301,180301,0,0,0.0,0.0,0.3,
case_053,3,1,True,1428109,1428109,5405536,5405536,0.6248708378144704,0.6248708378144704,1.5,
case_054,3,1,True,815051,815051,0,0,0.0,0.0,6.1,
case_055,3,1,True,118835,118835,69632,69632,0.10014324257468461,0.10014324257468461,0.3,
case_056,3,1,True,277285,277285,0,0,0.0,0.0,1.7,
case_057,3,1,True,59726,59726,94216,94216,0.21868152274837513,0.21868152274837513,0.3,
case_058,3,1,True,4539717,4539717,28696576,28696576,0.0,0.0,11.0,
case_059,3,1,True,815938,815938,1691648,1691648,0.6100443131462334,0.6100443131462334,0.8,
case_060,3,1,True,887801,887801,2068520,2068520,0.4231432279268349,0.4231432279268349,1.1,
case_061,3,1,True,77191,77191,0,0,0.0,0.0,0.3,
case_062,3,1,True,2854809,2854809,0,0,0.0,0.0,7.8,
case_063,3,1,True,1070397,1070397,0,0,0.0,0.0,1.7,
case_064,3,1,True,19116,19116,0,0,0.0,0.0,0.3,
case_065,3,1,True,53068,53068,0,0,0.0,0.0,0.3,
case_066,3,1,True,359070,359070,0,0,0.0,0.0,1.2,
case_067,3,1,True,63834834,63834834,264449408,264449408,0.0,0.0,3.1,
case_068,3,1,True,362095,362095,0,0,0.0,0.0,1.0,
case_069,3,1,True,25144,25144,0,0,0.0,0.0,0.3,
case_070,3,1,True,117300,117300,0,0,0.0,0.0,0.3,
case_071,3,1,True,18919,18919,0,0,0.0,0.0,0.2,
case_072,3,1,True,23890756,23890756,108613680,108613680,0.026210198484652728,0.026210198484652728,15.1,
case_073,3,1,True,10081626,10081626,141570432,141570432,0.0,0.0,1.4,
case_074,3,1,True,1678120,1678120,6070280,6070280,0.16680485013829857,0.16680485013829857,0.8,
case_075,3,1,True,1441809,1441809,0,0,0.0,0.0,1.7,
case_076,3,1,True,6183098,6183098,28280832,28280832,0.13357661937269952,0.13357661937269952,12.9,
case_077,3,1,True,495320,495320,0,0,0.0,0.0,0.9,
case_078,3,1,True,2296143,2296143,12644568,12644568,0.0,0.0,0.3,
case_079,3,1,True,31052251,31052251,32448512,32448512,0.0,0.0,15.5,
case_080,3,1,True,291826,291826,548864,548864,0.1686143572621035,0.1686143572621035,0.4,
case_081,3,1,True,151795,151795,0,0,0.0,0.0,0.9,
case_082,3,1,True,721041,721041,0,0,0.0,0.0,0.9,
case_083,3,1,True,946145,946145,13934688,13934688,0.7958684091545202,0.7958684091545202,1.0,
case_084,3,1,True,2507412,2507412,0,0,0.0,0.0,3.2,
case_085,3,1,True,3187899,3187899,0,0,0.0,0.0,11.2,
case_086,3,1,True,118403,118403,0,0,0.0,0.0,0.9,
case_087,3,1,True,3969779,3969779,7902720,7902720,0.18336776784760794,0.18336776784760794,16.5,
case_088,3,1,True,243623,243623,0,0,0.0,0.0,0.6,
case_089,3,1,True,693092,693092,0,0,0.0,0.0,1.2,
case_090,3,1,True,1178363,1178363,21233592,21233592,0.0,0.0,0.5,
case_091,3,1,True,9168820,9168820,53947008,53947008,0.10538579237748164,0.10538579237748164,23.9,
case_092,3,1,True,4333631,4333631,66000096,66000096,0.7935495964003455,0.7935495964003455,11.4,
case_093,3,1,True,74205,74205,0,0,0.0,0.0,0.2,
case_094,3,1,True,94892,94892,0,0,0.0,0.0,0.2,
case_095,3,1,True,2084853,2084853,0,0,0.0,0.0,1.3,
case_096,3,1,True,84194,84194,0,0,0.0,0.0,0.3,
case_097,3,1,True,11491509,11491509,10584064,10584064,0.0,0.0,2.1,
case_098,3,1,True,177430,177430,0,0,0.0,0.0,0.3,
case_099,3,1,True,1618902,1618902,5484544,5484544,0.25235465023466686,0.25235465023466686,1.0,
case_100,3,1,True,151223,151223,0,0,0.0,0.0,0.3,
case_001,3,2,True,116868,116868,1152,1152,0.0,0.0,0.2,
case_002,3,2,True,121768,121768,90624,90624,0.010843373493975903,0.010843373493975903,0.4,
case_003,3,2,True,285418,285418,1550994,1550994,0.16091581920273273,0.16091581920273273,3.4,
case_004,3,2,True,195960,195960,1382400,1382400,0.16706443914081145,0.16706443914081145,0.3,
case_005,3,2,True,52945,52945,477222,477222,0.1775340378567382,0.1775340378567382,0.9,
case_006,3,2,True,39976,39976,501324,501324,0.35050985215534075,0.35050985215534075,0.3,
case_007,3,2,True,507494,507494,27648,27648,0.0,0.0,1.0,
case_008,3,2,True,155082,155082,0,0,0.0,0.0,0.3,
case_009,3,2,True,91263,91263,299150,299150,0.2235859712923933,0.2235859712923933,1.1,
case_010,3,2,True,41582,41582,496332,496332,0.2430345977490621,0.2430345977490621,0.3,
case_011,3,2,True,92646,92646,180224,180224,0.0,0.0,0.3,
case_012,3,2,True,21950,21950,0,0,0.0,0.0,0.3,
case_013,3,2,True,132198,132198,8192,8192,0.0,0.0,0.5,
case_014,3,2,True,8896369,8896369,76033440,76033440,0.18956938266777457,0.18956938266777457,17.3,
case_015,3,2,True,83405,83405,191760,191760,0.011127488954614913,0.011127488954614913,0.3,
case_016,3,2,True,7715523,7715523,0,0,0.0,0.0,10.9,
case_017,3,2,True,71293,71293,81792,81792,0.052908852182652254,0.052908852182652254,0.4,
case_018,3,2,True,502856,502856,3347456,3347456,0.569827200199512,0.569827200199512,0.7,
case_019,3,2,True,34656,34656,510500,510500,0.12490775624344584,0.12490775624344584,0.3,
case_020,3,2,True,266580,266580,0,0,0.0,0.0,0.8,
case_021,3,2,True,3193634,3193634,3174400,3174400,0.21777777777777776,0.21777777777777776,0.9,
case_022,3,2,True,27481,27481,0,0,0.0,0.0,0.4,
case_023,3,2,True,41726,41726,73728,73728,0.09678448360736439,0.09678448360736439,0.3,
case_024,3,2,True,2555343,2555343,0,0,0.0,0.0,1.4,
case_025,3,2,True,2431840,2431840,27648,27648,0.0,0.0,7.8,
case_026,3,2,True,48612,48612,218548,218548,0.26883226635486973,0.26883226635486973,0.2,
case_027,3,2,True,1115722,1115722,1105920,1105920,0.0,0.0,0.4,
case_028,3,2,True,20009296,20009296,20677824,20677824,0.1390010310174776,0.1390010310174776,7.2,
case_029,3,2,True,19737,19737,16400,16400,0.04509754987595238,0.04509754987595238,0.3,
case_030,3,2,True,1399744,1399744,7834624,7834624,0.44352728004831893,0.44352728004831893,1.6,
case_031,3,2,True,710284,710284,4032000,4032000,0.3394764525915179,0.3394764525915179,0.9,
case_032,3,2,True,20940,20940,168116,168116,0.3337299199739429,0.3337299199739429,0.3,
case_033,3,2,True,893649,893649,6224928,6224928,0.31153880586796895,0.31153880586796895,0.9,
case_034,3,2,True,412214,412214,1238528,1238528,0.3502571541606224,0.3502571541606224,0.8,
case_035,3,2,True,95406,95406,0,0,0.0,0.0,0.7,
case_036,3,2,True,466068,466068,1152,1152,0.0,0.0,0.8,
case_037,3,2,True,105374,105374,204800,204800,0.0,0.0,0.3,
case_038,3,2,True,678831,678831,5607936,5607936,0.1910301790836521,0.1910301790836521,1.2,
case_039,3,2,True,705615,705615,11067392,11067392,0.3701716738197425,0.3701716738197425,1.6,
case_040,3,2,True,128421,128421,0,0,0.0,0.0,0.7,
case_041,3,2,True,2981380,2981380,33595392,33595392,0.1996493185622061,0.1996493185622061,5.2,
case_042,3,2,True,840543,840543,7265568,7265568,0.356046256604526,0.356046256604526,1.1,
case_043,3,2,True,327792,327792,1884268,1884268,0.31840486294040754,0.31840486294040754,1.8,
case_044,3,2,True,43910,43910,930400,930400,0.0015122166717640262,0.0015122166717640262,0.4,
case_045,3,2,True,63059,63059,0,0,0.0,0.0,0.3,
case_046,3,2,True,105718,105718,930400,930400,0.0,0.0,0.3,
case_047,3,2,True,156919,156919,794950,794950,0.1641264296820089,0.1641264296820089,3.6,
case_048,3,2,True,159138,159138,233030,233030,0.0011043894737641086,0.0011043894737641086,0.5,
case_049,3,2,True,100433,100433,319282,319282,0.08483134348503626,0.08483134348503626,1.0,
case_050,3,2,True,80346,80346,272582,272582,0.2573583693203334,0.2573583693203334,0.9,
case_051,3,2,True,607628,607628,0,0,0.0,0.0,0.3,
case_052,3,2,True,71775,71775,73728,73728,0.052140144743214316,0.052140144743214316,0.3,
case_053,3,2,True,703878,703878,2184118,2184118,0.2755373047727857,0.2755373047727857,2.6,
case_054,3,2,True,411477,411477,933062,933062,0.07413932333967606,0.07413932333967606,4.6,
case_055,3,2,True,48250,48250,98816,98816,0.08217854971677263,0.08217854971677263,0.4,
case_056,3,2,True,130574,130574,496950,496950,0.17858167021894983,0.17858167021894983,1.6,
case_057,3,2,True,30053,30053,269820,269820,0.40580337369277014,0.40580337369277014,0.3,
case_058,3,2,True,2262108,2262108,33492992,33492992,0.11464187187084908,0.11464187187084908,2.9,
case_059,3,2,True,369318,369318,360448,360448,0.0,0.0,0.6,
case_060,3,2,True,451802,451802,2724108,2724108,0.40386578005030244,0.40386578005030244,1.2,
case_061,3,2,True,38873,38873,25344,25344,0.04451157399276406,0.04451157399276406,0.3,
case_062,3,2,True,1428976,1428976,53760,53760,0.0003431316481756834,0.0003431316481756834,4.5,
case_063,3,2,True,533800,533800,9019392,9019392,0.047346315387552504,0.047346315387552504,1.7,
case_064,3,2,True,13674,13674,61542,61542,0.1618139867054881,0.1618139867054881,0.3,
case_065,3,2,True,21905,21905,13824,13824,0.014696501926364403,0.014696501926364403,0.3,
case_066,3,2,True,197561,197561,952044,952044,0.16920049445162758,0.16920049445162758,1.3,
case_067,3,2,True,30303605,30303605,8325504,8325504,0.3378939710403417,0.3378939710403417,1.6,
case_068,3,2,True,197002,197002,1553566,1553566,0.2425840141918397,0.2425840141918397,1.1,
case_069,3,2,True,13112,13112,371046,371046,0.16265237726954665,0.16265237726954665,0.3,
case_070,3,2,True,47580,47580,88064,88064,0.07661018817849985,0.07661018817849985,0.3,
case_071,3,2,True,11236,11236,326886,326886,0.17735231864537232,0.17735231864537232,0.3,
case_072,3,2,True,11841570,11841570,113201200,113201200,0.13418897418275474,0.13418897418275474,12.1,
case_073,3,2,True,4197779,4197779,3721600,3721600,0.4893430755244284,0.4893430755244284,1.1,
case_074,3,2,True,824879,824879,6590472,6590472,0.2927688655275912,0.2927688655275912,0.8,
case_075,3,2,True,670175,670175,2310790,2310790,0.1437860774217394,0.1437860774217394,1.7,
case_076,3,2,True,3065275,3065275,31201280,31201280,0.27570079967666505,0.27570079967666505,13.8,
case_077,3,2,True,250735,250735,57344,57344,0.026082004763022353,0.026082004763022353,0.7,
case_078,3,2,True,1022234,1022234,2148480,2148480,0.0,0.0,0.3,
case_079,3,2,True,15159240,15159240,32612352,32612352,0.0,0.0,10.8,
case_080,3,2,True,145674,145674,2191360,2191360,0.436,0.436,0.4,
case_081,3,2,True,76860,76860,0,0,0.0,0.0,0.7,
case_082,3,2,True,331832,331832,832902,832902,0.20239118586284974,0.20239118586284974,1.0,
case_083,3,2,True,419453,419453,930400,930400,0.43982083951215084,0.43982083951215084,0.8,
case_084,3,2,True,1255052,1255052,0,0,0.0,0.0,2.4,
case_085,3,2,True,1503897,1503897,3911858,3911858,0.15870389288896775,0.15870389288896775,10.4,
case_086,3,2,True,62938,62938,518694,518694,0.19466161625585432,0.19466161625585432,0.9,
case_087,3,2,True,1991129,1991129,8248320,8248320,0.18995350040135514,0.18995350040135514,11.2,
case_088,3,2,True,130606,130606,1049798,1049798,0.24749783423486718,0.24749783423486718,0.9,
case_089,3,2,True,295144,295144,238720,238720,0.0,0.0,0.8,
case_090,3,2,True,430364,430364,2917248,2917248,0.1826199674664498,0.1826199674664498,0.5,
case_091,3,2,True,4563996,4563996,52114560,52114560,0.33864863980096244,0.33864863980096244,14.4,
case_092,3,2,True,1926278,1926278,5437728,5437728,0.00021824001551928998,0.00021824001551928998,3.8,
case_093,3,2,True,37827,37827,8192,8192,0.0,0.0,0.2,
case_094,3,2,True,43154,43154,114464,114464,0.15100671140939598,0.15100671140939598,0.2,
case_095,3,2,True,1042890,1042890,0,0,0.0,0.0,1.1,
case_096,3,2,True,40994,40994,124748,124748,0.317323478665799,0.317323478665799,0.3,
case_097,3,2,True,5477830,5477830,14655488,14655488,0.04955947136563876,0.04955947136563876,1.7,
case_098,3,2,True,87088,87088,960674,960674,0.17741681000878615,0.17741681000878615,0.4,
case_099,3,2,True,805721,805721,7315456,7315456,0.45372079120422115,0.45372079120422115,1.0,
case_100,3,2,True,85674,85674,306188,306188,0.40758821653124006,0.40758821653124006,0.3,
case_001,3,3,True,78545,78545,2304,2304,0.0,0.0,0.3,
case_002,3,3,True,82329,82329,138240,138240,0.01411764705882353,0.01411764705882353,0.4,
case_003,3,3,True,251261,251261,2358296,2358296,0.2427908593323933,0.2427908593323933,2.9,
case_004,3,3,True,130725,130725,221184,221184,0.0,0.0,0.3,
case_005,3,3,True,38024,38024,804684,804684,0.27705777490278083,0.27705777490278083,1.0,
case_006,3,3,True,26930,26930,618368,618368,0.43427222717128766,0.43427222717128766,0.3,
case_007,3,3,True,338094,338094,55296,55296,0.0,0.0,0.8,
case_008,3,3,True,110895,110895,0,0,0.0,0.0,0.3,
case_009,3,3,True,65976,65976,574108,574108,0.2948260919868933,0.2948260919868933,1.1,
case_010,3,3,True,27337,27337,548196,548196,0.19961099020674647,0.19961099020674647,0.3,
case_011,3,3,True,65543,65543,1200128,1200128,0.3946629213483146,0.3946629213483146,0.3,
case_012,3,3,True,18324,18324,163322,163322,0.2190333182230281,0.2190333182230281,0.3,
case_013,3,3,True,88351,88351,16384,16384,0.0,0.0,0.5,
case_014,3,3,True,5881266,5881266,80019536,80019536,0.3385154295855885,0.3385154295855885,15.6,
case_015,3,3,True,58467,58467,1464888,1464888,0.4923751474072455,0.4923751474072455,0.3,
case_016,3,3,True,7715523,7715523,0,0,0.0,0.0,11.0,
case_017,3,3,True,44420,44420,163584,163584,0.0934303894936611,0.0934303894936611,0.4,
case_018,3,3,True,337587,337587,3903872,3903872,0.5910180865239277,0.5910180865239277,0.7,
case_019,3,3,True,27321,27321,685380,685380,0.2279175602686486,0.2279175602686486,0.3,
case_020,3,3,True,177950,177950,0,0,0.0,0.0,0.8,
case_021,3,3,True,2103364,2103364,7186432,7186432,0.4887063655030801,0.4887063655030801,1.0,
case_022,3,3,True,19192,19192,112516,112516,0.3448326635786374,0.3448326635786374,0.4,
case_023,3,3,True,28284,28284,147456,147456,0.0845148888025338,0.0845148888025338,0.3,
case_024,3,3,True,2159126,2159126,22415452,22415452,0.027869619683560647,0.027869619683560647,1.3,
case_025,3,3,True,1622164,1622164,55296,55296,0.0,0.0,6.2,
case_026,3,3,True,38423,38423,923392,923392,0.3380939643311077,0.3380939643311077,0.3,
case_027,3,3,True,763896,763896,6107136,6107136,0.31640625,0.31640625,0.5,
case_028,3,3,True,13270473,13270473,11546880,11546880,0.35945583368143696,0.35945583368143696,5.5,
case_029,3,3,True,12743,12743,0,0,0.0,0.0,0.3,
case_030,3,3,True,931340,931340,9363456,9363456,0.5442905670237784,0.5442905670237784,1.8,
case_031,3,3,True,478086,478086,4969984,4969984,0.30506858746888404,0.30506858746888404,1.0,
case_032,3,3,True,12612,12612,205008,205008,0.4190408514013749,0.4190408514013749,0.3,
case_033,3,3,True,588351,588351,7086144,7086144,0.3500813960015718,0.3500813960015718,0.9,
case_034,3,3,True,272476,272476,2328576,2328576,0.503272171784679,0.503272171784679,0.8,
case_035,3,3,True,78754,78754,765572,765572,0.42679534825410786,0.42679534825410786,0.8,
case_036,3,3,True,311345,311345,2304,2304,0.0,0.0,0.7,
case_037,3,3,True,72874,72874,1003520,1003520,0.5256410256410257,0.5256410256410257,0.3,
case_038,3,3,True,456400,456400,7012352,7012352,0.28900427803466344,0.28900427803466344,1.3,
case_039,3,3,True,481303,481303,10113024,10113024,0.2009251228678809,0.2009251228678809,1.3,
case_040,3,3,True,110105,110105,0,0,0.0,0.0,0.6,
case_041,3,3,True,1990580,1990580,35017728,35017728,0.2665641813989239,0.2665641813989239,4.8,
case_042,3,3,True,569525,569525,7746560,7746560,0.33910267952138545,0.33910267952138545,1.1,
case_043,3,3,True,229480,229480,3085000,3085000,0.45673339228769727,0.45673339228769727,1.7,
case_044,3,3,True,43910,43910,930400,930400,0.0015122166717640262,0.0015122166717640262,0.4,
case_045,3,3,True,42601,42601,0,0,0.0,0.0,0.3,
case_046,3,3,True,102704,102704,2064576,2064576,0.3825620286648099,0.3825620286648099,0.4,
case_047,3,3,True,122464,122464,1239692,1239692,0.2798281284666885,0.2798281284666885,2.9,
case_048,3,3,True,149071,149071,576140,576140,0.07546965142601045,0.07546965142601045,0.5,
case_049,3,3,True,81123,81123,497688,497688,0.2670498642972384,0.2670498642972384,0.9,
case_050,3,3,True,55445,55445,481660,481660,0.3455817860628297,0.3455817860628297,0.8,
case_051,3,3,True,483306,483306,10748968,10748968,0.10638125889072339,0.10638125889072339,0.4,
case_052,3,3,True,48446,48446,147456,147456,0.08181305483028721,0.08181305483028721,0.3,
case_053,3,3,True,553159,553159,2848940,2848940,0.4222158930120042,0.4222158930120042,2.3,
case_054,3,3,True,342219,342219,1613448,1613448,0.18354772959519328,0.18354772959519328,3.0,
case_055,3,3,True,33559,33559,99328,99328,0.13700035861079696,0.13700035861079696,0.3,
case_056,3,3,True,90592,90592,767084,767084,0.35243978097267553,0.35243978097267553,1.5,
case_057,3,3,True,21007,21007,526964,526964,0.5761727219593129,0.5761727219593129,0.3,
case_058,3,3,True,1496185,1496185,31211520,31211520,0.42648819240396124,0.42648819240396124,3.1,
case_059,3,3,True,254656,254656,3397632,3397632,0.6127574083375188,0.6127574083375188,0.7,
case_060,3,3,True,298831,298831,3164416,3164416,0.4687205974223772,0.4687205974223772,1.0,
case_061,3,3,True,29381,29381,179618,179618,0.22482127442024188,0.22482127442024188,0.3,
case_062,3,3,True,954215,954215,41472,41472,0.00034328870580157915,0.00034328870580157915,5.5,
case_063,3,3,True,344374,344374,4119552,4119552,0.11651011560693642,0.11651011560693642,1.4,
case_064,3,3,True,11407,11407,99404,99404,0.24433535552744967,0.24433535552744967,0.3,
case_065,3,3,True,14937,14937,27648,27648,0.0,0.0,0.3,
case_066,3,3,True,142969,142969,1398840,1398840,0.21771223145676488,0.21771223145676488,1.2,
case_067,3,3,True,20084166,20084166,10769152,10769152,0.5318329445130597,0.5318329445130597,1.4,
case_068,3,3,True,147814,147814,2085676,2085676,0.1577265891619347,0.1577265891619347,1.1,
case_069,3,3,True,12005,12005,335116,335116,0.32825645399819586,0.32825645399819586,0.3,
case_070,3,3,True,40551,40551,176128,176128,0.08934438057269802,0.08934438057269802,0.3,
case_071,3,3,True,10636,10636,229324,229324,0.20529945905735286,0.20529945905735286,0.3,
case_072,3,3,True,7989837,7989837,119709046,119709046,0.14417062522507193,0.14417062522507193,12.8,
case_073,3,3,True,2796345,2796345,7443200,7443200,0.42227572253681916,0.42227572253681916,1.0,
case_074,3,3,True,544114,544114,7585792,7585792,0.30677656902705147,0.30677656902705147,0.9,
case_075,3,3,True,572669,572669,3422476,3422476,0.30411451910480375,0.30411451910480375,1.5,
case_076,3,3,True,2049651,2049651,34470912,34470912,0.35668217382110384,0.35668217382110384,14.5,
case_077,3,3,True,175206,175206,932152,932152,0.17843789096393156,0.17843789096393156,0.8,
case_078,3,3,True,900985,900985,6471168,6471168,0.51772030651341,0.51772030651341,0.3,
case_079,3,3,True,10072944,10072944,32722944,32722944,0.0,0.0,8.9,
case_080,3,3,True,99832,99832,3932160,3932160,0.554290053151101,0.554290053151101,0.4,
case_081,3,3,True,51943,51943,0,0,0.0,0.0,0.7,
case_082,3,3,True,227521,227521,1428236,1428236,0.2837244164390277,0.2837244164390277,0.9,
case_083,3,3,True,288815,288815,1860800,1860800,0.3054402538855203,0.3054402538855203,0.8,
case_084,3,3,True,836220,836220,0,0,0.0,0.0,2.2,
case_085,3,3,True,1272443,1272443,5532684,5532684,0.3022674285162054,0.3022674285162054,6.9,
case_086,3,3,True,47288,47288,919116,919116,0.2189183274385638,0.2189183274385638,0.9,
case_087,3,3,True,1456602,1456602,6727680,6727680,0.23319904440517447,0.23319904440517447,9.5,
case_088,3,3,True,98649,98649,1449996,1449996,0.1465355757702538,0.1465355757702538,0.9,
case_089,3,3,True,206778,206778,477440,477440,0.2711909090909091,0.2711909090909091,0.8,
case_090,3,3,True,324313,324313,4296960,4296960,0.2998068269287702,0.2998068269287702,0.4,
case_091,3,3,True,3069257,3069257,60897408,60897408,0.43532290854009237,0.43532290854009237,15.0,
case_092,3,3,True,1274060,1274060,3859648,3859648,0.1431053750104968,0.1431053750104968,3.6,
case_093,3,3,True,25103,25103,16384,16384,0.0,0.0,0.2,
case_094,3,3,True,26386,26386,212544,212544,0.2568901782789762,0.2568901782789762,0.3,
case_095,3,3,True,673706,673706,16330752,16330752,0.0,0.0,1.1,
case_096,3,3,True,33260,33260,125704,125704,0.3203857223684534,0.3203857223684534,0.3,
case_097,3,3,True,3563647,3563647,18454528,18454528,0.3002159827213823,0.3002159827213823,1.4,
case_098,3,3,True,64155,64155,1341690,1341690,0.2908571735609509,0.2908571735609509,0.4,
case_099,3,3,True,540032,540032,6590464,6590464,0.36329662240593413,0.36329662240593413,1.0,
case_100,3,3,True,57948,57948,0,0,0.0,0.0,0.3,
case_001,3,4,True,58984,58984,3456,3456,0.0,0.0,0.2,
case_002,3,4,True,65392,65392,181248,181248,0.02768166089965398,0.02768166089965398,0.4,
case_003,3,4,True,179646,179646,3927966,3927966,0.4041731407126148,0.4041731407126148,2.8,
case_004,3,4,True,100126,100126,331776,331776,0.1411764705882353,0.1411764705882353,0.3,
case_005,3,4,True,36155,36155,1236978,1236978,0.3776310920528504,0.3776310920528504,1.0,
case_006,3,4,True,24877,24877,493156,493156,0.3416916965005577,0.3416916965005577,0.3,
case_007,3,4,True,254398,254398,82944,82944,0.0,0.0,0.9,
case_008,3,4,True,88500,88500,0,0,0.0,0.0,0.3,
case_009,3,4,True,63026,63026,747930,747930,0.4230412300265803,0.4230412300265803,1.0,
case_010,3,4,True,24926,24926,635524,635524,0.2582196917368909,0.2582196917368909,0.3,
case_011,3,4,True,46880,46880,540672,540672,0.0,0.0,0.3,
case_012,3,4,True,14808,14808,185214,185214,0.1896481535330038,0.1896481535330038,0.3,
case_013,3,4,True,66982,66982,24576,24576,0.0,0.0,0.6,
case_014,3,4,True,4453421,4453421,87805200,87805200,0.3766237285396611,0.3766237285396611,16.1,
case_015,3,4,True,43221,43221,832948,832948,0.350226537372648,0.350226537372648,0.4,
case_016,3,4,True,6103967,6103967,35524768,35524768,0.0302247438987059,0.0302247438987059,5.1,
case_017,3,4,True,35734,35734,240768,240768,0.10838705686144615,0.10838705686144615,0.4,
case_018,3,4,True,252790,252790,5118976,5118976,0.5930485436198851,0.5930485436198851,0.7,
case_019,3,4,True,21005,21005,582148,582148,0.23439691241408886,0.23439691241408886,0.3,
case_020,3,4,True,133704,133704,0,0,0.0,0.0,0.8,
case_021,3,4,True,1550324,1550324,4608000,4608000,0.0,0.0,0.8,
case_022,3,4,True,14940,14940,0,0,0.0,0.0,0.3,
case_023,3,4,True,27929,27929,1197318,1197318,0.33379089989130845,0.33379089989130845,0.4,
case_024,3,4,True,2003351,2003351,29037088,29037088,0.06383990942188936,0.06383990942188936,1.5,
case_025,3,4,True,1217444,1217444,82944,82944,0.0,0.0,5.2,
case_026,3,4,True,38423,38423,923392,923392,0.3380939643311077,0.3380939643311077,0.3,
case_027,3,4,True,559196,559196,2211840,2211840,0.0,0.0,0.4,
case_028,3,4,True,10080305,10080305,11508096,11508096,0.1651005373804181,0.1651005373804181,5.8,
case_029,3,4,True,10970,10970,490010,490010,0.638307772533394,0.638307772533394,0.4,
case_030,3,4,True,699009,699009,8838144,8838144,0.6505474452554745,0.6505474452554745,1.7,
case_031,3,4,True,360132,360132,5298688,5298688,0.31540338404476326,0.31540338404476326,1.0,
case_032,3,4,True,11276,11276,0,0,0.0,0.0,0.3,
case_033,3,4,True,445198,445198,7344224,7344224,0.36927574750830566,0.36927574750830566,0.8,
case_034,3,4,True,208260,208260,3019264,3019264,0.5568065506653019,0.5568065506653019,0.8,
case_035,3,4,True,77573,77573,1128234,1128234,0.5540719124277244,0.5540719124277244,0.9,
case_036,3,4,True,233584,233584,3456,3456,0.0,0.0,0.6,
case_037,3,4,True,53320,53320,614400,614400,0.0,0.0,0.3,
case_038,3,4,True,339825,339825,7758336,7758336,0.2603821160078536,0.2603821160078536,1.3,
case_039,3,4,True,351769,351769,17899520,17899520,0.46506874767744333,0.46506874767744333,1.5,
case_040,3,4,True,101948,101948,1931186,1931186,0.20729591856895047,0.20729591856895047,0.9,
case_041,3,4,True,1493320,1493320,38879232,38879232,0.3304829326417607,0.3304829326417607,4.7,
case_042,3,4,True,428924,428924,8925184,8925184,0.3569512814120912,0.3569512814120912,1.1,
case_043,3,4,True,204676,204676,4132756,4132756,0.4929305143506272,0.4929305143506272,1.7,
case_044,3,4,True,40054,40054,3517344,3517344,0.7325354248061111,0.7325354248061111,0.4,
case_045,3,4,True,31878,31878,0,0,0.0,0.0,0.3,
case_046,3,4,True,76653,76653,2213920,2213920,0.6206860489437356,0.6206860489437356,0.3,
case_047,3,4,True,112730,112730,1947090,1947090,0.2886161150078808,0.2886161150078808,2.9,
case_048,3,4,True,142969,142969,1756370,1756370,0.2471475865330614,0.2471475865330614,0.6,
case_049,3,4,True,60474,60474,751934,751934,0.3762258679144835,0.3762258679144835,0.8,
case_050,3,4,True,43605,43605,571290,571290,0.352242966847081,0.352242966847081,0.8,
case_051,3,4,True,344572,344572,2228604,2228604,0.23077049466999505,0.23077049466999505,0.3,
case_052,3,4,True,37183,37183,221184,221184,0.11617993305069296,0.11617993305069296,0.3,
case_053,3,4,True,424896,424896,12542018,12542018,0.3695251821029461,0.3695251821029461,4.1,
case_054,3,4,True,243498,243498,2545234,2545234,0.278644283024219,0.278644283024219,3.5,
case_055,3,4,True,29142,29142,677058,677058,0.46521960366744247,0.46521960366744247,0.4,
case_056,3,4,True,88843,88843,1107930,1107930,0.4074853507831916,0.4074853507831916,1.4,
case_057,3,4,True,17645,17645,610884,610884,0.5998034317891141,0.5998034317891141,0.3,
case_058,3,4,True,1142629,1142629,42622976,42622976,0.2689844464775846,0.2689844464775846,5.4,
case_059,3,4,True,185216,185216,1081344,1081344,0.0,0.0,0.7,
case_060,3,4,True,229535,229535,3510784,3510784,0.4721351875172029,0.4721351875172029,0.9,
case_061,3,4,True,22111,22111,50688,50688,0.08522945097221568,0.08522945097221568,0.3,
case_062,3,4,True,716754,716754,89088,89088,0.0006852444038373687,0.0006852444038373687,4.1,
case_063,3,4,True,270081,270081,64512,64512,0.0018226002430133657,0.0018226002430133657,1.1,
case_064,3,4,True,11227,11227,122098,122098,0.29538175995341726,0.29538175995341726,0.3,
case_065,3,4,True,11760,11760,41472,41472,0.09453914511477408,0.09453914511477408,0.3,
case_066,3,4,True,131603,131603,2060756,2060756,0.3401853619937613,0.3401853619937613,1.2,
case_067,3,4,True,15040197,15040197,14048384,14048384,0.6379050434680795,0.6379050434680795,1.4,
case_068,3,4,True,120739,120739,3208234,3208234,0.21317592054980627,0.21317592054980627,1.2,
case_069,3,4,True,10301,10301,432114,432114,0.4181880259484646,0.4181880259484646,0.3,
case_070,3,4,True,29097,29097,264192,264192,0.09580586214458008,0.09580586214458008,0.3,
case_071,3,4,True,8702,8702,267856,267856,0.3350384881116051,0.3350384881116051,0.3,
case_072,3,4,True,5928167,5928167,125858856,125858856,0.18306616913423635,0.18306616913423635,11.4,
case_073,3,4,True,2123315,2123315,11164800,11164800,0.7418076020008847,0.7418076020008847,0.9,
case_074,3,4,True,405309,405309,7819264,7819264,0.29706755894375547,0.29706755894375547,0.8,
case_075,3,4,True,383543,383543,5734290,5734290,0.47455339722395573,0.47455339722395573,1.6,
case_076,3,4,True,1529902,1529902,32051200,32051200,0.3453720149990132,0.3453720149990132,14.7,
case_077,3,4,True,131477,131477,147094,147094,6.60145601713914e-05,6.60145601713914e-05,0.7,
case_078,3,4,True,523593,523593,8694144,8694144,0.09225375528086371,0.09225375528086371,0.4,
case_079,3,4,True,7635624,7635624,30445568,30445568,0.0,0.0,7.6,
case_080,3,4,True,79590,79590,2789376,2789376,0.3468208092485549,0.3468208092485549,0.4,
case_081,3,4,True,39588,39588,0,0,0.0,0.0,0.7,
case_082,3,4,True,215536,215536,2106514,2106514,0.5076128359097062,0.5076128359097062,0.9,
case_083,3,4,True,210763,210763,2791200,2791200,0.7018738529894717,0.7018738529894717,0.7,
case_084,3,4,True,629028,629028,0,0,0.0,0.0,2.1,
case_085,3,4,True,816273,816273,8300178,8300178,0.5001056445211081,0.5001056445211081,7.8,
case_086,3,4,True,38643,38643,1363698,1363698,0.3823131747552367,0.3823131747552367,0.9,
case_087,3,4,True,1135476,1135476,21730796,21730796,0.4707987854043634,0.4707987854043634,10.3,
case_088,3,4,True,88285,88285,2268882,2268882,0.20351746197817047,0.20351746197817047,0.8,
case_089,3,4,True,148144,148144,716160,716160,0.0,0.0,0.8,
case_090,3,4,True,259720,259720,6445440,6445440,0.21079156288916562,0.21079156288916562,0.4,
case_091,3,4,True,2317037,2317037,69020832,69020832,0.2878781910948986,0.2878781910948986,15.8,
case_092,3,4,True,957454,957454,4167456,4167456,0.30723029927191714,0.30723029927191714,3.2,
case_093,3,4,True,19779,19779,24576,24576,0.0,0.0,0.2,
case_094,3,4,True,19544,19544,318528,318528,0.3118745695417899,0.3118745695417899,0.3,
case_095,3,4,True,524422,524422,0,0,0.0,0.0,0.9,
case_096,3,4,True,26984,26984,0,0,0.0,0.0,0.3,
case_097,3,4,True,2626908,2626908,14221312,14221312,0.041666666666666664,0.041666666666666664,1.4,
case_098,3,4,True,64155,64155,1341690,1341690,0.2908571735609509,0.2908571735609509,0.4,
case_099,3,4,True,404548,404548,9818112,9818112,0.5833074260606438,0.5833074260606438,1.1,
case_100,3,4,True,49109,49109,1560842,1560842,0.48644530972733446,0.48644530972733446,0.4,
case_001,3,5,True,47502,47502,4608,4608,0.0,0.0,0.3,
case_002,3,5,True,54581,54581,207360,207360,0.01710376282782212,0.01710376282782212,0.4,
case_003,3,5,True,179646,179646,3927966,3927966,0.4041731407126148,0.4041731407126148,2.9,
case_004,3,5,True,83319,83319,442368,442368,0.0,0.0,0.3,
case_005,3,5,True,35497,35497,837720,837720,0.3481019880164779,0.3481019880164779,0.8,
case_006,3,5,True,22533,22533,916100,916100,0.4157456472369417,0.4157456472369417,0.3,
case_007,3,5,True,203834,203834,110592,110592,0.0,0.0,0.8,
case_008,3,5,True,71833,71833,0,0,0.0,0.0,0.3,
case_009,3,5,True,48320,48320,929592,929592,0.3755509110303619,0.3755509110303619,1.2,
case_010,3,5,True,22007,22007,670752,670752,0.3833661709832583,0.3833661709832583,0.3,
case_011,3,5,True,40551,40551,1650688,1650688,0.35280898876404493,0.35280898876404493,0.3,
case_012,3,5,True,13281,13281,182852,182852,0.21891822531269667,0.21891822531269667,0.3,
case_013,3,5,True,54363,54363,32768,32768,0.0,0.0,0.5,
case_014,3,5,True,3632901,3632901,60562848,60562848,0.18517316212700338,0.18517316212700338,14.9,
case_015,3,5,True,42014,42014,317952,317952,0.2099208771541723,0.2099208771541723,0.3,
case_016,3,5,True,6103967,6103967,35524768,35524768,0.0302247438987059,0.0302247438987059,4.7,
case_017,3,5,True,29386,29386,327168,327168,0.08906557685037216,0.08906557685037216,0.4,
case_018,3,5,True,204343,204343,3661824,3661824,0.4513502917543706,0.4513502917543706,0.7,
case_019,3,5,True,17497,17497,503844,503844,0.3250328062271476,0.3250328062271476,0.3,
case_020,3,5,True,107574,107574,0,0,0.0,0.0,0.8,
case_021,3,5,True,1249380,1249380,11431936,11431936,0.5699643493761141,0.5699643493761141,1.1,
case_022,3,5,True,12434,12434,157360,157360,0.421270077559518,0.421270077559518,0.4,
case_023,3,5,True,21898,21898,544408,544408,0.23012521230036578,0.23012521230036578,0.3,
case_024,3,5,True,1577373,1577373,30282428,30282428,0.08636480107484519,0.08636480107484519,1.5,
case_025,3,5,True,975282,975282,110592,110592,0.0,0.0,4.8,
case_026,3,5,True,38423,38423,923392,923392,0.3380939643311077,0.3380939643311077,0.3,
case_027,3,5,True,487450,487450,12023808,12023808,0.2964964964964965,0.2964964964964965,0.5,
case_028,3,5,True,7991196,7991196,12550656,12550656,0.4413101938300502,0.4413101938300502,5.5,
case_029,3,5,True,9164,9164,67656,67656,0.19490901053562218,0.19490901053562218,0.3,
case_030,3,5,True,560550,560550,11588608,11588608,0.5941848542551633,0.5941848542551633,1.7,
case_031,3,5,True,293738,293738,4816896,4816896,0.32116469733990927,0.32116469733990927,1.0,
case_032,3,5,True,10350,10350,0,0,0.0,0.0,0.3,
case_033,3,5,True,356085,356085,8111232,8111232,0.3682920692358373,0.3682920692358373,0.8,
case_034,3,5,True,164310,164310,4801550,4801550,0.4426779443355683,0.4426779443355683,1.1,
case_035,3,5,True,63503,63503,1160968,1160968,0.5484584710001866,0.5484584710001866,1.0,
case_036,3,5,True,187182,187182,4608,4608,0.0,0.0,0.7,
case_037,3,5,True,43013,43013,1310720,1310720,0.0,0.0,0.3,
case_038,3,5,True,271662,271662,9409536,9409536,0.39381575382975575,0.39381575382975575,1.3,
case_039,3,5,True,302347,302347,11489280,11489280,0.2291889007470651,0.2291889007470651,1.1,
case_040,3,5,True,101948,101948,1931186,1931186,0.20729591856895047,0.20729591856895047,0.9,
case_041,3,5,True,1191841,1191841,40452096,40452096,0.3262737668313147,0.3262737668313147,4.6,
case_042,3,5,True,342039,342039,9689088,9689088,0.38515546639919757,0.38515546639919757,1.0,
case_043,3,5,True,171690,171690,5217408,5217408,0.5394700402205639,0.5394700402205639,1.7,
case_044,3,5,True,40054,40054,3517344,3517344,0.7325354248061111,0.7325354248061111,0.4,
case_045,3,5,True,26088,26088,0,0,0.0,0.0,0.3,
case_046,3,5,True,76653,76653,2213920,2213920,0.6206860489437356,0.6206860489437356,0.3,
case_047,3,5,True,99665,99665,2584600,2584600,0.4200357099152347,0.4200357099152347,2.7,
case_048,3,5,True,142969,142969,1756370,1756370,0.2471475865330614,0.2471475865330614,0.6,
case_049,3,5,True,58817,58817,872740,872740,0.44055489798658976,0.44055489798658976,0.9,
case_050,3,5,True,43605,43605,571290,571290,0.352242966847081,0.352242966847081,0.8,
case_051,3,5,True,344572,344572,2228604,2228604,0.23077049466999505,0.23077049466999505,0.3,
case_052,3,5,True,30397,30397,294912,294912,0.1626417703510366,0.1626417703510366,0.3,
case_053,3,5,True,365951,365951,14846008,14846008,0.29538690802703393,0.29538690802703393,4.2,
case_054,3,5,True,243498,243498,2545234,2545234,0.278644283024219,0.278644283024219,3.5,
case_055,3,5,True,24606,24606,427118,427118,0.337166315608477,0.337166315608477,0.4,
case_056,3,5,True,75480,75480,1454488,1454488,0.5065401365884876,0.5065401365884876,1.4,
case_057,3,5,True,15428,15428,709300,709300,0.6380980027868091,0.6380980027868091,0.3,
case_058,3,5,True,947187,947187,31719424,31719424,0.023501762632197415,0.023501762632197415,4.6,
case_059,3,5,True,150665,150665,4325376,4325376,0.7950757575757575,0.7950757575757575,0.8,
case_060,3,5,True,179018,179018,4039168,4039168,0.47019630179462146,0.47019630179462146,1.0,
case_061,3,5,True,18802,18802,328440,328440,0.2156115513011302,0.2156115513011302,0.4,
case_062,3,5,True,574337,574337,86016,86016,0.0006853226727584238,0.0006853226727584238,3.9,
case_063,3,5,True,213041,213041,367104,367104,0.0008728542333430317,0.0008728542333430317,1.2,
case_064,3,5,True,11227,11227,122098,122098,0.29538175995341726,0.29538175995341726,0.3,
case_065,3,5,True,10499,10499,55296,55296,0.11681727020753994,0.11681727020753994,0.3,
case_066,3,5,True,107074,107074,2476400,2476400,0.3684803367210144,0.3684803367210144,1.2,
case_067,3,5,True,12497325,12497325,17327616,17327616,0.17717790962140012,0.17717790962140012,1.3,
case_068,3,5,True,113021,113021,3538800,3538800,0.23580479442706542,0.23580479442706542,1.1,
case_069,3,5,True,9903,9903,351476,351476,0.4856560115751367,0.4856560115751367,0.3,
case_070,3,5,True,26399,26399,690024,690024,0.259680662837011,0.259680662837011,0.4,
case_071,3,5,True,8425,8425,239056,239056,0.17630740476383197,0.17630740476383197,0.3,
case_072,3,5,True,4776264,4776264,130011184,130011184,0.32523190133475127,0.32523190133475127,11.3,
case_073,3,5,True,1705058,1705058,14886400,14886400,0.7893850214495679,0.7893850214495679,0.9,
case_074,3,5,True,332111,332111,8302592,8302592,0.4695457679728278,0.4695457679728278,0.9,
case_075,3,5,True,362317,362317,6600472,6600472,0.43692305476513676,0.43692305476513676,1.6,
case_076,3,5,True,1230166,1230166,34179072,34179072,0.38748768210509493,0.38748768210509493,15.1,
case_077,3,5,True,114398,114398,1592816,1592816,0.21169619393139052,0.21169619393139052,1.0,
case_078,3,5,True,457569,457569,11371008,11371008,0.35705877827358057,0.35705877827358057,0.4,
case_079,3,5,True,6075472,6075472,47677440,47677440,0.2441611149398882,0.2441611149398882,7.8,
case_080,3,5,True,70042,70042,3538944,3538944,0.4301242236024845,0.4301242236024845,0.4,
case_081,3,5,True,30943,30943,0,0,0.0,0.0,0.7,
case_082,3,5,True,197346,197346,2932248,2932248,0.5189049298370749,0.5189049298370749,1.0,
case_083,3,5,True,184990,184990,3721600,3721600,0.18958848353999386,0.18958848353999386,0.8,
case_084,3,5,True,503472,503472,0,0,0.0,0.0,2.0,
case_085,3,5,True,816273,816273,8300178,8300178,0.5001056445211081,0.5001056445211081,7.8,
case_086,3,5,True,38643,38643,1363698,1363698,0.3823131747552367,0.3823131747552367,0.9,
case_087,3,5,True,894365,894365,6981120,6981120,0.24219158678690003,0.24219158678690003,8.7,
case_088,3,5,True,77530,77530,2451224,2451224,0.20174343950466964,0.20174343950466964,0.8,
case_089,3,5,True,119458,119458,954880,954880,0.0,0.0,0.8,
case_090,3,5,True,259720,259720,6445440,6445440,0.21079156288916562,0.21079156288916562,0.4,
case_091,3,5,True,1884651,1884651,73166848,73166848,0.31283685255253135,0.31283685255253135,14.9,
case_092,3,5,True,771848,771848,3950976,3950976,0.45333520406236005,0.45333520406236005,3.1,
case_093,3,5,True,15876,15876,32768,32768,0.0,0.0,0.2,
case_094,3,5,True,18350,18350,425088,425088,0.4022418162995752,0.4022418162995752,0.3,
case_095,3,5,True,420852,420852,0,0,0.0,0.0,0.9,
case_096,3,5,True,24477,24477,965588,965588,0.5114300055233651,0.5114300055233651,0.4,
case_097,3,5,True,2102250,2102250,21311488,21311488,0.24523466282236103,0.24523466282236103,1.6,
case_098,3,5,True,56819,56819,2001274,2001274,0.3493663347444764,0.3493663347444764,0.4,
case_099,3,5,True,327016,327016,10776576,10776576,0.5496124478295155,0.5496124478295155,1.1,
case_100,3,5,True,46608,46608,2045040,2045040,0.6501327082507713,0.6501327082507713,0.5,
